Symbol,Name,Last Sale,Net Change,% Change,Market Cap,Country,IPO Year,Volume,Sector,Industry
AAL,American Airlines Group Inc. Common Stock,$15.33,0.37,2.473%,10119125968.00,United States,,80118325,Consumer Discretionary,Air Freight/Delivery Services
AAOI,Applied Optoelectronics Inc. Common Stock,$29.90,-2.16,-6.737%,2041524668.00,United States,2013,4421854,Technology,Semiconductors
AAON,AAON Inc. Common Stock,$76.83,-1.10,-1.412%,6271944676.00,United States,,1423615,Industrials,Industrial Machinery/Components
AAPL,Apple Inc. Common Stock,$274.11,-4.17,-1.498%,4050346120830.00,United States,1980,50409078,Technology,Computer Manufacturing
ABNB,Airbnb Inc. Class A Common Stock,$131.81,3.42,2.664%,81135613338.00,United States,2020,5518099,Consumer Discretionary,Diversified Commercial Services
ACAD,ACADIA Pharmaceuticals Inc. Common Stock,$27.26,0.11,0.405%,4611896331.00,United States,1985,1387583,Health Care,Biotechnology: Pharmaceutical Preparations
ACIW,ACI Worldwide Inc. Common Stock,$46.67,-0.86,-1.809%,4811117240.00,United States,,773912,Technology,Computer Software: Prepackaged Software
ACLS,Axcelis Technologies Inc. Common Stock,$87.26,1.65,1.927%,2705030419.00,United States,2000,638405,Technology,Industrial Machinery/Components
ACLX,Arcellx Inc. Common Stock,$68.34,-3.52,-4.898%,3951615004.00,United States,2022,1742853,Health Care,Biotechnology: Biological Products (No Diagnostic Substances)
ACMR,ACM Research Inc. Class A Common Stock,$37.73,-1.10,-2.833%,2447788496.00,United States,2017,1462223,Technology,Industrial Machinery/Components
ACT,Enact Holdings Inc. Common Stock,$40.27,0.53,1.334%,5814817537.00,United States,2021,283432,Finance,Specialty Insurers
ADAMI,Adamas Trust Inc. 9.125% Senior Notes Due 2029,$24.94,0.1163,0.469%,2259051458.00,United States,,12950,Real Estate,Real Estate Investment Trusts
ADAML,Adamas Trust Inc. 6.875% Series F Fixed-to-Floating Rate Cumulative Redeemable Preferred Stock $0.01 par value per share,$22.98,0.03,0.131%,2075272692.00,United States,,6836,Real Estate,Real Estate Investment Trusts
ADAMM,Adamas Trust Inc. 7.875% Series E Fixed-to-Floating Rate Cumulative Redeemable Preferred Stock,$25.10,0.07,0.28%,2266725178.00,United States,,29912,Real Estate,Real Estate Investment Trusts
ADAMN,Adamas Trust Inc. 8.00% Series D Fixed-to-Floating Rate Cumulative Redeemable Preferred Stock,$22.275,-0.085,-0.38%,2011605710.00,United States,,5073,Real Estate,Real Estate Investment Trusts
ADBE,Adobe Inc. Common Stock,$351.15,-5.28,-1.481%,146991390000.00,United States,1986,5480102,Technology,Computer Software: Prepackaged Software
ADI,Analog Devices Inc. Common Stock,$280.44,1.12,0.401%,137318594963.00,United States,,3594819,Technology,Semiconductors
ADMA,ADMA Biologics Inc Common Stock,$19.73,-0.05,-0.253%,4695695903.00,United States,,1951782,Health Care,Biotechnology: Biological Products (No Diagnostic Substances)
ADP,Automatic Data Processing Inc. Common Stock,$264.95,-1.15,-0.432%,107158694723.00,United States,,2958004,Industrials,Diversified Commercial Services
ADPT,Adaptive Biotechnologies Corporation Common Stock,$15.69,0.25,1.619%,2395316800.00,United States,2019,3004642,Health Care,Biotechnology: Biological Products (No Diagnostic Substances)
ADSK,Autodesk Inc. Common Stock,$294.31,-3.33,-1.119%,62393720000.00,United States,,2281065,Technology,Computer Software: Prepackaged Software
ADUS,Addus HomeCare Corporation Common Stock,$115.14,0.55,0.48%,2128163823.00,United States,2009,124328,Health Care,Medical/Nursing Services
AEIS,Advanced Energy Industries Inc. Common Stock,$216.87,1.80,0.837%,8185864199.00,United States,1995,421026,Technology,Industrial Machinery/Components
AEP,American Electric Power Company Inc. Common Stock,$115.77,1.64,1.437%,61967698744.00,United States,,3031083,Utilities,Electric Utilities: Central
AFRM,Affirm Holdings Inc. Class A Common Stock,$65.66,-1.59,-2.364%,21672635071.00,United States,2021,4784507,Finance,Finance: Consumer Services
AGNC,AGNC Investment Corp. Common Stock,$10.36,0.04,0.388%,11113421365.00,United States,2008,15347056,Real Estate,Real Estate Investment Trusts
AGNCL,AGNC Investment Corp. Depositary Shares Each Representing a 1/1000th Interest in a Share of 7.75% Series G Fixed-Rate Reset Cumulative Redeemable Preferred Stock,$24.95,0.1793,0.724%,26764465547.00,United States,,12308,Real Estate,Real Estate Investment Trusts
AGNCM,AGNC Investment Corp. Depositary Shares rep 6.875% Series D Fixed-to-Floating Cumulative Redeemable Preferred Stock,$24.76,0.01,0.04%,26560647973.00,United States,,12399,Real Estate,Real Estate Investment Trusts
AGNCN,AGNC Investment Corp. Depositary Shares Each Representing a 1/1000th Interest in a Share of 7.00% Series C Fixed-To-Floating Rate Cumulative Redeemable Preferred Stock,$25.5475,-0.0225,-0.088%,27405418178.00,United States,,34653,Real Estate,Real Estate Investment Trusts
AGNCO,AGNC Investment Corp. Depositary Shares each representing a 1/1000th interest in a share of 6.50% Series E Fixed-to-Floating Cumulative Redeemable Preferred Stock,$25.35,0.01,0.039%,27193555175.00,United States,,7951,Real Estate,Real Estate Investment Trusts
AGNCP,AGNC Investment Corp. Depositary Shares Each Representing a 1/1000th Interest in a Share of 6.125% Series F Fixed-to-Floating Rate Cumulative Redeemable Preferred Stock,$25.05,0.05,0.20%,26871737954.00,United States,,58490,Real Estate,Real Estate Investment Trusts
AGNCZ,AGNC Investment Corp. Depositary Shares Each Representing a 1/1000th Interest in a Share of 8.75% Series H Fixed-Rate Cumulative Redeemable Preferred Stock,$25.80,0.00,0.00%,27676281006.00,United States,,28470,,
AGYS,Agilysys Inc. Common Stock (DE),$122.18,-2.62,-2.099%,3426233627.00,United States,,198425,Technology,EDP Services
AKAM,Akamai Technologies Inc. Common Stock,$86.53,0.65,0.757%,12448658958.00,United States,1999,3749784,Real Estate,Real Estate
ALAB,Astera Labs Inc. Common Stock,$143.66,-5.19,-3.487%,24264693475.00,United States,2024,5503006,Technology,Semiconductors
ALGM,Allegro MicroSystems Inc. Common Stock,$26.72,-0.39,-1.439%,4946380882.00,United States,2020,5380484,Technology,Semiconductors
ALGN,Align Technology Inc. Common Stock,$162.73,-2.70,-1.632%,11675876686.00,United States,2001,1119523,Health Care,Industrial Specialties
ALHC,Alignment Healthcare Inc. Common Stock,$20.11,0.75,3.874%,4023844932.00,United States,2021,3367111,Health Care,Medical Specialities
ALKT,Alkami Technology Inc. Common Stock,$21.78,-0.51,-2.288%,2286987360.00,United States,2021,1278722,Technology,Computer Software: Prepackaged Software
ALNY,Alnylam Pharmaceuticals Inc. Common Stock,$391.50,-6.05,-1.522%,51722559747.00,United States,2004,1483326,Health Care,Biotechnology: Pharmaceutical Preparations
ALRM,Alarm.com Holdings Inc. Common Stock,$51.48,-0.68,-1.304%,2567805926.00,United States,2015,532917,Technology,Computer Software: Prepackaged Software
AMAT,Applied Materials Inc. Common Stock,$261.27,2.06,0.795%,207172313235.00,United States,1972,6405964,Technology,Semiconductors
AMBA,Ambarella Inc. Ordinary Shares,$73.80,-1.48,-1.966%,3177125867.00,United States,2012,557715,Technology,Semiconductors
AMD,Advanced Micro Devices Inc. Common Stock,$207.58,-3.20,-1.518%,337948862873.00,United States,,27222196,Technology,Semiconductors
AMGN,Amgen Inc. Common Stock,$325.31,7.57,2.382%,175173147083.00,United States,1983,4049462,Health Care,Biotechnology: Biological Products (No Diagnostic Substances)
AMKR,Amkor Technology Inc. Common Stock,$43.91,-0.40,-0.903%,10854263819.00,United States,1998,2521113,Technology,Semiconductors
AMRX,Amneal Pharmaceuticals Inc. Class A Common Stock,$12.46,0.25,2.048%,3916961983.00,United States,,1466068,Health Care,Biotechnology: Pharmaceutical Preparations
AMZN,Amazon.com Inc. Common Stock,$222.54,-3.65,-1.614%,2379000671088.00,United States,1997,47286085,Consumer Discretionary,Catalog/Specialty Distribution
APA,APA Corporation Common Stock,$25.27,-0.66,-2.545%,8962491973.00,United States,,4859280,Energy,Oil & Gas Production
APGE,Apogee Therapeutics Inc. Common Stock,$76.81,-0.27,-0.35%,5247676789.00,United States,2023,870430,Health Care,Biotechnology: Biological Products (No Diagnostic Substances)
APLD,Applied Digital Corporation Common Stock,$22.98,-4.88,-17.516%,6417475827.00,United States,2022,43525342,Finance,Finance: Consumer Services
APLS,Apellis Pharmaceuticals Inc. Common Stock,$24.56,-0.67,-2.656%,3107459354.00,United States,2017,2886904,Health Care,Biotechnology: Pharmaceutical Preparations
APP,Applovin Corporation Class A Common Stock,$675.165,4.495,0.67%,228175387575.00,United States,2021,3776116,Technology,Computer Software: Programming Data Processing
APPF,AppFolio Inc. Class A Common Stock,$224.52,-6.91,-2.986%,8065065992.00,United States,2015,304752,Technology,Computer Software: Prepackaged Software
APPN,Appian Corporation Class A Common Stock,$36.90,-0.93,-2.458%,2724074899.00,United States,2017,826893,Technology,Computer Software: Prepackaged Software
ARCC,Ares Capital Corporation Common Stock,$20.31,-0.06,-0.295%,14536407246.00,United States,2004,7910624,Finance,Finance: Consumer Services
ARLP,Alliance Resource Partners L.P. Common Units representing Limited Partners Interests,$23.53,-0.60,-2.487%,3021911405.00,United States,1999,518559,Energy,Coal Mining
ARQT,Arcutis Biotherapeutics Inc. Common Stock,$28.95,-0.07,-0.241%,3546148958.00,United States,2020,2300079,Health Care,Biotechnology: Pharmaceutical Preparations
ARWR,Arrowhead Pharmaceuticals Inc. Common Stock,$68.45,-1.64,-2.34%,9786041455.00,United States,,1874390,Health Care,Biotechnology: Pharmaceutical Preparations
ASO,Academy Sports and Outdoors Inc. Common Stock,$54.76,-0.74,-1.333%,3651467988.00,United States,2020,1547100,Consumer Discretionary,Other Specialty Stores
ASTS,AST SpaceMobile Inc. Class A Common Stock,$67.81,-8.89,-11.591%,24887580767.00,United States,2019,16392582,Consumer Discretionary,Telecommunications Equipment
ATEC,Alphatec Holdings Inc. Common Stock,$19.71,-0.25,-1.253%,2927924146.00,United States,2006,2675441,Health Care,Medical/Dental Instruments
ATRC,AtriCure Inc. Common Stock,$41.04,-1.34,-3.162%,2040385188.00,United States,2005,605334,Health Care,Medical/Dental Instruments
AUGO,Aura Minerals Inc. Common Shares,$46.78,0.19,0.408%,3907744191.00,United States,,655570,,
AUR,Aurora Innovation Inc. Class A Common Stock,$4.18,-0.21,-4.784%,8089850738.00,United States,2021,13797455,Technology,EDP Services
AVAV,AeroVironment Inc. Common Stock,$235.32,-3.68,-1.54%,11748557611.00,United States,2007,1122443,Industrials,Aerospace
AVGO,Broadcom Inc. Common Stock,$339.81,-20.12,-5.59%,1604706858126.00,United States,2009,65894902,Technology,Semiconductors
AVPT,AvePoint Inc. Class A Common Stock,$13.40,-0.49,-3.528%,2891576794.00,United States,2019,4151936,Technology,Computer Software: Prepackaged Software
AVT,Avnet Inc. Common Stock,$49.26,-0.66,-1.322%,4006289495.00,United States,,793826,Technology,Electronic Components
AXON,Axon Enterprise Inc. Common Stock,$551.79,-12.49,-2.213%,43542006034.00,United States,2001,1017025,Industrials,Ordnance And Accessories
AXSM,Axsome Therapeutics Inc. Common Stock,$146.24,-1.93,-1.303%,7372344474.00,United States,2015,364590,Health Care,Biotechnology: Pharmaceutical Preparations
BANF,BancFirst Corporation Common Stock,$113.75,0.47,0.415%,3791762065.00,United States,1993,138515,Finance,Major Banks
BANR,Banner Corporation Common Stock,$66.92,0.56,0.844%,2281030436.00,United States,,175359,Finance,Major Banks
BATRA,Atlanta Braves Holdings Inc. Series A Common Stock,$43.88,0.26,0.596%,2761075282.00,United States,,48143,Consumer Discretionary,Services-Misc. Amusement & Recreation
BATRK,Atlanta Braves Holdings Inc. Series C Common Stock,$40.28,0.34,0.851%,2534551330.00,United States,,410595,Consumer Discretionary,Services-Misc. Amusement & Recreation
BBIO,BridgeBio Pharma Inc. Common Stock,$74.51,-0.64,-0.852%,14358733657.00,United States,2019,2333887,Health Care,Biotechnology: Pharmaceutical Preparations
BCPC,Balchem Corporation Common Stock,$158.71,2.73,1.75%,5140023325.00,United States,,702691,Industrials,Major Chemicals
BEAM,Beam Therapeutics Inc. Common Stock,$26.83,-0.53,-1.937%,2722572748.00,United States,2020,1879051,Health Care,Biotechnology: Biological Products (No Diagnostic Substances)
BELFB,Bel Fuse Inc. Class B Common Stock,$173.30,0.18,0.104%,2194075568.00,United States,,132390,,
BGC,BGC Group Inc. Class A Common Stock,$8.91,-0.07,-0.78%,4176542943.00,United States,,3525184,Finance,Investment Bankers/Brokers/Service
BHF,Brighthouse Financial Inc. Common Stock,$65.35,-0.05,-0.076%,3736139031.00,United States,,729726,Finance,Life Insurance
BIIB,Biogen Inc. Common Stock,$175.74,1.64,0.942%,25781457281.00,United States,,2291589,Health Care,Biotechnology: Biological Products (No Diagnostic Substances)
BKNG,Booking Holdings Inc. Common Stock,$5457.70,156.06,2.944%,175922492126.00,United States,,366394,Consumer Discretionary,Transportation Services
BKR,Baker Hughes Company Class A Common Stock,$46.89,0.03,0.064%,46269827327.00,United States,,6400499,Consumer Discretionary,Oil and Gas Field Machinery
BL,BlackLine Inc. Common Stock,$57.13,-1.54,-2.625%,3398473343.00,United States,2016,627942,Technology,Computer Software: Prepackaged Software
BLKB,Blackbaud Inc. Common Stock,$61.74,-1.16,-1.844%,2953282211.00,United States,2004,352749,Technology,Computer Software: Prepackaged Software
BLLN,BillionToOne Inc. Class A Common Stock,$96.64,-5.35,-5.246%,4423092966.00,United States,2025,109525,Health Care,Medical Specialities
BLTE,Belite Bio Inc American Depositary Shares,$142.53,1.21,0.856%,5346960214.00,United States,2022,124848,Health Care,Biotechnology: Pharmaceutical Preparations
BMRN,BioMarin Pharmaceutical Inc. Common Stock,$52.12,-1.19,-2.232%,10012999609.00,United States,1999,2746987,Health Care,Biotechnology: Pharmaceutical Preparations
BOKF,BOK Financial Corporation Common Stock,$119.33,0.24,0.202%,7547345177.00,United States,,381737,Finance,Major Banks
BPOP,Popular Inc. Common Stock,$122.58,1.51,1.247%,8173003726.00,United States,,1419981,Finance,Major Banks
BRKR,Bruker Corporation Common Stock,$45.67,0.54,1.197%,6939152046.00,United States,,1425233,Industrials,Biotechnology: Laboratory Analytical Instruments
BRKRP,Bruker Corporation 6.375% Mandatory Convertible Preferred Stock Series A,$353.04,3.07,0.877%,53641301478.00,United States,,3115,Industrials,Biotechnology: Laboratory Analytical Instruments
BRZE,Braze Inc. Class A Common Stock,$33.12,-0.02,-0.06%,3716577294.00,United States,2021,2462644,Technology,Computer Software: Prepackaged Software
BSY,Bentley Systems Incorporated Class B Common Stock,$40.25,-0.33,-0.813%,12218171987.00,United States,2020,3231242,Technology,Computer Software: Prepackaged Software
BTSG,BrightSpring Health Services Inc. Common Stock,$35.96,-0.58,-1.587%,6485468600.00,United States,2024,1896199,Health Care,Medical/Nursing Services
BTSGU,BrightSpring Health Services Inc. Tangible Equity Unit,$123.08,-1.53,-1.228%,22197760715.00,United States,2024,51101,Health Care,Medical/Nursing Services
BULL,Webull Corporation Class A Ordinary Shares,$8.62,-0.54,-5.895%,3977709706.00,United States,,14474933,Finance,Investment Bankers/Brokers/Service
BUSE,First Busey Corporation Class A Common Stock,$25.24,0.07,0.278%,2231444245.00,United States,,406316,Finance,Major Banks
BUSEP,First Busey Corporation Depositary Shares Each Representing a 1/40thInterest in a Share of 8.25% Fixed-Rate Series B Non-Cumulative Perpetual Preferred Stock $0.001 par value,$25.6914,0.0214,0.083%,2271352087.00,United States,,7548,Finance,Major Banks
BWIN,The Baldwin Insurance Group Inc. Class A Common Stock,$23.67,-0.41,-1.703%,2808405758.00,United States,2019,1073358,Finance,Specialty Insurers
CACC,Credit Acceptance Corporation Common Stock,$464.04,-8.17,-1.73%,5119077678.00,United States,1992,136212,Finance,Finance: Consumer Services
CAI,Caris Life Sciences Inc. Common Stock,$26.70,-0.06,-0.224%,7533322844.00,United States,2025,2259547,Health Care,Medical Specialities
CAKE,Cheesecake Factory Incorporated (The) Common Stock,$50.255,0.395,0.792%,2504794131.00,United States,1992,1051664,Consumer Discretionary,Restaurants
CALM,Cal-Maine Foods Inc. Common Stock,$88.02,1.13,1.30%,4268935320.00,United States,1996,1330442,Consumer Staples,Farming/Seeds/Milling
CAR,Avis Budget Group Inc. Common Stock,$128.61,-2.42,-1.847%,4526685141.00,United States,,887874,Consumer Discretionary,Rental/Leasing Companies
CARG,CarGurus Inc. Class A Common Stock ,$38.56,0.06,0.156%,3680675546.00,United States,2017,916797,Technology,EDP Services
CART,Maplebear Inc. Common Stock,$45.40,0.44,0.979%,11918996566.00,United States,2023,4000220,Real Estate,Real Estate
CASY,Casey's General Stores Inc. Common Stock,$546.92,6.85,1.268%,20272646996.00,United States,1983,395310,Consumer Discretionary,Retail-Auto Dealers and Gas Stations
CATY,Cathay General Bancorp Common Stock,$50.42,0.40,0.80%,3430406078.00,United States,,512483,Finance,Major Banks
CBC,Central Bancompany Inc. Class A Common Stock,$22.85,-0.18,-0.782%,5448420265.00,United States,,417033,,
CBSH,Commerce Bancshares Inc. Common Stock,$53.54,-0.20,-0.372%,7443956066.00,United States,,870267,Finance,Major Banks
CCC,CCC Intelligent Solutions Holdings Inc. Common Stock,$7.56,-0.12,-1.563%,4853668599.00,United States,,11338368,Technology,Computer Software: Prepackaged Software
CDNS,Cadence Design Systems Inc. Common Stock,$318.43,-4.79,-1.482%,86676964430.00,United States,,1687940,Technology,Computer Software: Prepackaged Software
CDTX,Cidara Therapeutics Inc. Common Stock,$220.10,-0.55,-0.249%,6919805557.00,United States,2015,1320956,Health Care,Biotechnology: Biological Products (No Diagnostic Substances)
CDW,CDW Corporation Common Stock,$144.88,-0.05,-0.034%,18862457461.00,United States,2013,1607728,Technology,Retail: Computer Software & Peripheral Equipment
CECO,CECO Environmental Corp. Common Stock,$61.21,0.25,0.41%,2181587508.00,United States,1998,597290,Industrials,Pollution Control Equipment
CEG,Constellation Energy Corporation Common Stock ,$357.14,5.16,1.466%,111531279171.00,United States,,2628771,Utilities,Electric Utilities: Central
CELC,Celcuity Inc. Common Stock,$102.18,-3.07,-2.917%,4727997245.00,United States,2017,762204,Health Care,Medical Specialities
CELH,Celsius Holdings Inc. Common Stock,$43.805,-0.035,-0.08%,11292284935.00,United States,,5931774,Consumer Staples,Beverages (Production/Distribution)
CENT,Central Garden & Pet Company Common Stock,$33.76,0.18,0.536%,2104352155.00,United States,1993,55877,Consumer Discretionary,Consumer Specialties
CENX,Century Aluminum Company Common Stock,$31.39,-0.17,-0.539%,2930004407.00,United States,1996,1443182,Industrials,Aluminum
CFLT,Confluent Inc. Class A Common Stock,$30.07,0.02,0.067%,10519165071.00,United States,2021,17174900,Technology,Computer Software: Prepackaged Software
CG,The Carlyle Group Inc. Common Stock,$57.80,-0.55,-0.943%,20831726091.00,United States,2012,2800315,Finance,Investment Managers
CGABL,The Carlyle Group Inc. 4.625% Subordinated Notes due 2061,$17.60,0.05,0.285%,6366006363.00,United States,,36686,Finance,Investment Managers
CGNX,Cognex Corporation Common Stock,$34.80,-0.85,-2.384%,5832412105.00,United States,1989,2630631,Industrials,Industrial Machinery/Components
CGON,CG Oncology Inc. Common stock,$39.75,-1.19,-2.907%,3206480615.00,United States,2024,926251,Health Care,Biotechnology: Biological Products (No Diagnostic Substances)
CHDN,Churchill Downs Incorporated Common Stock,$117.59,0.83,0.711%,8199402772.00,United States,,613933,Consumer Discretionary,Services-Misc. Amusement & Recreation
CHEF,The Chefs' Warehouse Inc. Common Stock,$63.29,0.82,1.313%,2574988396.00,United States,2011,414703,Consumer Discretionary,Food Distributors
CHRD,Chord Energy Corporation Common Stock,$95.23,-2.13,-2.188%,5415282519.00,United States,,481260,Energy,Oil & Gas Production
CHRW,C.H. Robinson Worldwide Inc. Common Stock,$157.61,0.52,0.331%,18619600625.00,United States,1997,1233310,Industrials,Integrated Freight & Logistics
CHTR,Charter Communications Inc. Class A Common Stock New,$209.52,2.92,1.413%,27113850574.00,United States,,1533156,Telecommunications,Cable & Other Pay Television Services
CHYM,Chime Financial Inc. Class A Common Stock,$24.62,-1.57,-5.995%,9222110015.00,United States,2025,5413488,Finance,Finance: Consumer Services
CIFR,Cipher Mining Inc. Common Stock,$14.74,-2.31,-13.548%,5823656876.00,United States,2020,49273128,Finance,Finance: Consumer Services
CINF,Cincinnati Financial Corporation Common Stock,$167.07,1.21,0.73%,26066012967.00,United States,,522377,Finance,Property-Casualty Insurers
CLSK,CleanSpark Inc. Common Stock,$11.915,-2.115,-15.075%,3045276747.00,United States,,44850061,Finance,Finance: Consumer Services
CMCSA,Comcast Corporation Class A Common Stock,$28.21,0.98,3.599%,102794263986.00,United States,,40010593,Telecommunications,Cable & Other Pay Television Services
CME,CME Group Inc. Class A Common Stock,$272.18,-1.37,-0.501%,98147195380.00,United States,2002,3094330,Finance,Investment Bankers/Brokers/Service
CNXC,Concentrix Corporation Common Stock,$38.78,-0.79,-1.996%,2414343484.00,United States,,882672,Technology,Computer Software: Prepackaged Software
COCO,The Vita Coco Company Inc. Common Stock,$54.03,-0.53,-0.971%,3076914380.00,United States,2021,781366,Consumer Staples,Beverages (Production/Distribution)
COGT,Cogent Biosciences Inc. Common Stock,$40.24,-1.87,-4.441%,5729231527.00,United States,2018,3286271,Health Care,Biotechnology: Pharmaceutical Preparations
COIN,Coinbase Global Inc. Class A Common Stock,$250.42,-17.04,-6.371%,67524203902.00,United States,,10885692,Finance,Finance: Consumer Services
COKE,Coca-Cola Consolidated Inc. Common Stock,$165.93,0.15,0.09%,14178624915.00,United States,1972,649413,Consumer Staples,Beverages (Production/Distribution)
COLB,Columbia Banking System Inc. Common Stock,$29.16,-0.08,-0.274%,8722367660.00,United States,1992,1885858,Finance,Major Banks
COLM,Columbia Sportswear Company Common Stock,$57.04,-0.14,-0.245%,3073822400.00,United States,1998,640183,Consumer Discretionary,Apparel
COMM,CommScope Holding Company Inc. Common Stock,$19.03,-0.41,-2.109%,4216071894.00,United States,2013,2788846,Technology,Radio And Television Broadcasting And Communications Equipment
COO,The Cooper Companies Inc. Common Stock,$81.53,-0.55,-0.67%,15978088460.00,United States,,2414525,Health Care,Ophthalmic Goods
CORT,Corcept Therapeutics Incorporated Common Stock,$87.30,-0.69,-0.784%,9182931344.00,United States,2004,942068,Health Care,Biotechnology: Pharmaceutical Preparations
CORZ,Core Scientific Inc. Common Stock,$15.28,-1.25,-7.562%,4737736664.00,United States,,13451099,Finance,Finance: Consumer Services
CORZW,Core Scientific Inc. Tranche 1 Warrants,$9.02,-1.19,-11.655%,2796752926.00,United States,,753809,Finance,Finance: Consumer Services
CORZZ,Core Scientific Inc. Tranche 2 Warrants,$15.225,-1.165,-7.108%,4720683293.00,United States,,50630,Finance,Finance: Consumer Services
COST,Costco Wholesale Corporation Common Stock,$860.56,-23.91,-2.703%,381382271699.00,United States,,4771436,Consumer Discretionary,Department/Specialty Retail Stores
CPB,The Campbell's Company Common Stock,$28.27,-0.47,-1.635%,8428255106.00,United States,,10720536,Consumer Staples,Packaged Foods
CPRT,Copart Inc. (DE) Common Stock,$38.67,0.00,0.00%,37433243840.00,United States,1994,10396934,Consumer Discretionary,Retail-Auto Dealers and Gas Stations
CPRX,Catalyst Pharmaceuticals Inc. Common Stock,$24.18,0.56,2.371%,2972021518.00,United States,2006,2166131,Health Care,Biotechnology: Pharmaceutical Preparations
CRDO,Credo Technology Group Holding Ltd Ordinary Shares,$142.02,-1.89,-1.313%,25653316732.00,United States,2022,5586538,Technology,Semiconductors
CRNX,Crinetics Pharmaceuticals Inc. Common Stock,$49.32,-1.17,-2.317%,4680065549.00,United States,2018,1434196,Health Care,Biotechnology: Pharmaceutical Preparations
CROX,Crocs Inc. Common Stock,$90.66,0.75,0.834%,4706673464.00,United States,2006,1209855,Consumer Discretionary,Shoe Manufacturing
CRUS,Cirrus Logic Inc. Common Stock,$122.25,-0.27,-0.22%,6238465055.00,United States,1989,456996,Technology,Semiconductors
CRVL,CorVel Corp. Common Stock,$70.81,0.88,1.258%,3628796459.00,United States,,199133,Finance,Specialty Insurers
CRWD,CrowdStrike Holdings Inc. Class A Common Stock,$487.47,-17.31,-3.429%,122890426547.00,United States,2019,2184930,Technology,Computer Software: Prepackaged Software
CRWV,CoreWeave Inc. Class A Common Stock,$72.35,-6.24,-7.94%,36053271993.00,United States,2025,31357605,Technology,Computer Software: Prepackaged Software
CSCO,Cisco Systems Inc. Common Stock (DE),$78.25,0.45,0.578%,309173149555.00,United States,1990,17646019,Telecommunications,Computer Communications Equipment
CSGP,CoStar Group Inc. Common Stock,$63.75,-4.48,-6.566%,27018702926.00,United States,1998,8312661,Real Estate,Real Estate
CSGS,CSG Systems International Inc. Common Stock,$77.01,-0.10,-0.13%,2196338831.00,United States,1996,469051,Technology,EDP Services
CSQ,Calamos Strategic Total Return Common Stock,$18.88,-0.15,-0.788%,2999798303.00,United States,2004,224814,Finance,Finance Companies
CSX,CSX Corporation Common Stock,$37.18,-0.21,-0.562%,69234252024.00,United States,,19986703,Industrials,Railroads
CTAS,Cintas Corporation Common Stock,$188.45,0.92,0.491%,75731775469.00,United States,1983,3705255,Industrials,Garments and Clothing
CTSH,Cognizant Technology Solutions Corporation Class A Common Stock,$84.05,0.11,0.131%,40566436056.00,United States,1998,6501825,Technology,EDP Services
CVBF,CVB Financial Corporation Common Stock,$20.19,0.27,1.355%,2762175083.00,United States,,1089711,Finance,Major Banks
CVCO,Cavco Industries Inc. Common Stock When Issued,$598.17,1.14,0.191%,4668738982.00,United States,,117317,Consumer Discretionary,Homebuilding
CVLT,Commvault Systems Inc. Common Stock,$119.84,-1.75,-1.439%,5284268342.00,United States,2006,749401,Technology,Computer Software: Prepackaged Software
CWST,Casella Waste Systems Inc. Class A Common Stock,$100.47,1.42,1.434%,6379193553.00,United States,1997,1353831,Utilities,Environmental Services
CYTK,Cytokinetics Incorporated Common Stock,$62.16,-1.19,-1.878%,7599987987.00,United States,2004,1853186,Health Care,Biotechnology: Pharmaceutical Preparations
CZR,Caesars Entertainment Inc. Common Stock,$24.01,-0.52,-2.12%,4900631711.00,United States,,8934521,Consumer Discretionary,Hotels/Resorts
DASH,DoorDash Inc. Class A Common Stock,$226.98,-0.51,-0.224%,97828043843.00,United States,,5021540,Technology,EDP Services
DAVE,Dave Inc. Class A Common Stock,$191.03,-6.58,-3.33%,2579684784.00,United States,,345918,Finance,Finance: Consumer Services
DBX,Dropbox Inc. Class A Common Stock,$27.86,-0.46,-1.624%,7208477483.00,United States,2018,3468915,Technology,Computer Software: Prepackaged Software
DDOG,Datadog Inc. Class A Common Stock,$142.05,-3.95,-2.705%,49812779895.00,United States,2019,3823887,Technology,Computer Software: Prepackaged Software
DHCNI,Diversified Healthcare Trust 5.625% Senior Notes due 2042,$16.70,-0.07,-0.417%,4031619762.00,United States,,9550,Real Estate,Real Estate Investment Trusts
DHCNL,Diversified Healthcare Trust 6.25% Senior Notes Due 2046,$17.81,-0.30,-1.657%,4299589698.00,United States,,24363,Real Estate,Real Estate Investment Trusts
DIOD,Diodes Incorporated Common Stock,$50.54,-0.05,-0.099%,2344314629.00,United States,,372170,Technology,Semiconductors
DJT,Trump Media & Technology Group Corp. Common Stock,$10.46,-0.19,-1.784%,2928775273.00,United States,2024,3913973,Technology,Computer Software: Programming Data Processing
DKNG,DraftKings Inc. Class A Common Stock,$35.59,0.07,0.197%,17715723560.00,United States,2019,8610570,Consumer Discretionary,Services-Misc. Amusement & Recreation
DLTR,Dollar Tree Inc. Common Stock,$131.17,1.30,1.001%,26083572539.00,United States,1995,2238168,Consumer Discretionary,Department/Specialty Retail Stores
DNLI,Denali Therapeutics Inc. Common Stock,$17.34,-0.64,-3.56%,2701027160.00,United States,2017,1774148,Health Care,Biotechnology: Biological Products (No Diagnostic Substances)
DOCU,DocuSign Inc. Common Stock,$68.19,-2.92,-4.106%,13656598141.00,United States,1989,2849055,Technology,Computer Software: Prepackaged Software
DORM,Dorman Products Inc. Common Stock,$127.92,-0.09,-0.07%,3909573420.00,United States,,153334,Consumer Discretionary,Auto Parts:O.E.M.
DPZ,Domino's Pizza Inc Common Stock,$437.50,7.51,1.747%,14781470375.00,United States,2004,815201,Consumer Discretionary,Food Distributors
DRVN,Driven Brands Holdings Inc. Common Stock,$15.12,-0.29,-1.882%,2486547776.00,United States,2021,826318,Consumer Discretionary,Automotive Aftermarket
DUOL,Duolingo Inc. Class A Common Stock,$185.97,-10.31,-5.253%,8596901581.00,United States,2021,1623450,Technology,Computer Software: Prepackaged Software
DXCM,DexCom Inc. Common Stock,$65.73,-1.23,-1.837%,25635769559.00,United States,2005,7428659,Health Care,Medical/Dental Instruments
DYN,Dyne Therapeutics Inc. Common Stock,$19.59,0.32,1.661%,3165621092.00,United States,2020,2790968,Health Care,Biotechnology: Pharmaceutical Preparations
EA,Electronic Arts Inc. Common Stock,$204.20,0.47,0.231%,50928411560.00,United States,,3225089,Consumer Discretionary,Services-Misc. Amusement & Recreation
EBAY,eBay Inc. Common Stock,$82.59,-2.77,-3.245%,37330680000.00,United States,1998,7246457,Real Estate,Real Estate
EBC,Eastern Bankshares Inc. Common Stock,$19.48,-0.17,-0.865%,4106343676.00,United States,2020,1699096,Finance,Savings Institutions
EEFT,Euronet Worldwide Inc. Common Stock,$76.80,-1.71,-2.178%,3229031501.00,United States,1997,1147102,Finance,Investment Bankers/Brokers/Service
EFSC,Enterprise Financial Services Corporation Common Stock,$56.74,0.35,0.621%,2099998977.00,United States,,354819,Finance,Major Banks
ENPH,Enphase Energy Inc. Common Stock,$31.37,-0.81,-2.517%,4105069071.00,United States,2012,6680091,Technology,Semiconductors
ENSG,The Ensign Group Inc. Common Stock,$177.09,1.46,0.831%,10257899821.00,United States,2007,362780,Health Care,Hospital/Nursing Management
ENTG,Entegris Inc. Common Stock,$89.92,-2.63,-2.842%,13631872000.00,United States,2000,2589289,Industrials,Plastic Products
EOSE,Eos Energy Enterprises Inc. Class A Common Stock,$13.63,-1.21,-8.154%,3928745711.00,United States,,15717527,Miscellaneous,Industrial Machinery/Components
EQIX,Equinix Inc. Common Stock REIT,$761.385,11.065,1.475%,74757406998.00,United States,2000,632870,Real Estate,Real Estate Investment Trusts
ERIE,Erie Indemnity Company Class A Common Stock,$287.04,-0.29,-0.101%,13258839734.00,United States,,189985,Finance,Specialty Insurers
EVCM,EverCommerce Inc. Common Stock,$13.36,1.28,10.596%,2396348183.00,United States,2021,832067,Technology,Computer Software: Prepackaged Software
EVRG,Evergy Inc. Common Stock,$74.12,0.32,0.434%,17063472353.00,United States,,2029898,Utilities,Power Generation
EWBC,East West Bancorp Inc. Common Stock,$113.62,0.00,0.00%,15632476326.00,United States,,970504,Finance,Major Banks
EWTX,Edgewise Therapeutics Inc. Common Stock,$23.94,0.32,1.355%,2534490310.00,United States,2021,3668209,Health Care,Biotechnology: Pharmaceutical Preparations
EXAS,Exact Sciences Corporation Common Stock,$101.74,0.24,0.236%,19276809859.00,United States,2001,6476720,Health Care,Medical Specialities
EXC,Exelon Corporation Common Stock,$43.87,0.30,0.689%,44321436163.00,United States,,7162168,Utilities,Power Generation
EXE,Expand Energy Corporation Common Stock,$110.54,-2.25,-1.995%,26327278306.00,United States,,3324668,Energy,Oil & Gas Production
EXEEL,Expand Energy Corporation Class C Warrants,$101.10,-5.935,-5.545%,24078956367.00,United States,,17275,Energy,Oil & Gas Production
EXEL,Exelixis Inc. Common Stock,$41.38,0.50,1.223%,11094481057.00,United States,2000,3070235,Health Care,Biotechnology: Biological Products (No Diagnostic Substances)
EXLS,ExlService Holdings Inc. Common Stock,$41.52,-0.12,-0.288%,6589260745.00,United States,2006,1174273,Real Estate,Real Estate
EXPE,Expedia Group Inc. Common Stock,$283.45,9.24,3.37%,34731841377.00,United States,,2158094,Consumer Discretionary,Transportation Services
EXPO,Exponent Inc. Common Stock,$74.675,1.045,1.419%,3725328602.00,United States,,600715,Consumer Discretionary,Professional Services
EXTR,Extreme Networks Inc. Common Stock,$16.92,0.015,0.089%,2262516665.00,United States,1999,947523,Telecommunications,Computer Communications Equipment
EYE,National Vision Holdings Inc. Common Stock,$28.92,0.09,0.312%,2293632417.00,United States,2017,1339898,Health Care,Ophthalmic Goods
FA,First Advantage Corporation Common Stock,$15.02,0.49,3.372%,2615206669.00,United States,2021,735689,Technology,EDP Services
FANG,Diamondback Energy Inc. Common Stock,$154.06,-2.62,-1.672%,44142136093.00,United States,2012,1897844,Energy,Oil & Gas Production
FAST,Fastenal Company Common Stock,$42.58,0.57,1.357%,48883361000.00,United States,1987,11807083,Consumer Discretionary,RETAIL: Building Materials
FBNC,First Bancorp Common Stock,$53.47,0.11,0.206%,2217151142.00,United States,1987,203921,Finance,Major Banks
FCFS,FirstCash Holdings Inc. Common Stock,$164.60,0.69,0.421%,7264481090.00,United States,1991,333846,Consumer Discretionary,Other Specialty Stores
FCNCA,First Citizens BancShares Inc. Class A Common Stock,$2074.86,19.34,0.941%,25802029423.00,United States,,96474,Finance,Major Banks
FELE,Franklin Electric Co. Inc. Common Stock,$97.76,1.71,1.78%,4351334847.00,United States,,253721,Consumer Discretionary,Metal Fabrications
FFBC,First Financial Bancorp. Common Stock,$26.98,0.15,0.559%,2658331144.00,United States,,806762,Finance,Major Banks
FFIN,First Financial Bankshares Inc. Common Stock,$31.37,-0.03,-0.096%,4492375420.00,United States,,944266,Finance,Major Banks
FFIV,F5 Inc. Common Stock,$263.01,0.34,0.129%,15278149378.00,United States,1999,1966044,Telecommunications,Computer Communications Equipment
FHB,First Hawaiian Inc. Common Stock,$26.06,0.05,0.192%,3224132385.00,United States,2016,1193891,Finance,Major Banks
FIBK,First Interstate BancSystem Inc. Common Stock (DE),$35.64,0.24,0.678%,3667021483.00,United States,2010,956486,Finance,Major Banks
FISV,Fiserv Inc. Common Stock,$68.97,0.22,0.32%,37095644646.00,United States,1986,17650084,Real Estate,Real Estate
FITB,Fifth Third Bancorp Common Stock,$47.83,-0.32,-0.665%,31616192911.00,United States,,10521059,Finance,Major Banks
FITBI,Fifth Third Bancorp Depositary Shares,$25.85,0.01,0.039%,17087154229.00,United States,,27123,Finance,Major Banks
FITBO,Fifth Third Bancorp Depositary Shares each representing a 1/1000th ownership interest in a share of Non-Cumulative Perpetual Preferred Stock Series K,$19.40,-0.08,-0.411%,12823628319.00,United States,,63382,Finance,Major Banks
FITBP,Fifth Third Bancorp Depositary Shares each representing 1/40th share of Fifth Third 6.00% Non-Cumulative Perpetual Class B Preferred Stock Series A,$24.75,-0.0976,-0.393%,16360041283.00,United States,,11041,Finance,Major Banks
FIVE,Five Below Inc. Common Stock,$181.66,-1.75,-0.954%,10019836061.00,United States,2012,1378660,Consumer Discretionary,Department/Specialty Retail Stores
FIZZ,National Beverage Corp. Common Stock,$33.91,0.06,0.177%,3175064579.00,United States,,452529,Consumer Staples,Beverages (Production/Distribution)
FLNC,Fluence Energy Inc. Class A Common Stock,$21.52,-0.67,-3.019%,3935333176.00,United States,2021,4325016,Miscellaneous,Industrial Machinery/Components
FLY,Firefly Aerospace Inc. Common Stock,$20.36,-1.74,-7.873%,3242352844.00,United States,2025,3730181,Industrials,Military/Government/Technical
FOLD,Amicus Therapeutics Inc. Common Stock,$10.88,0.33,3.128%,3356845002.00,United States,2007,14256718,Health Care,Biotechnology: Pharmaceutical Preparations
FORM,FormFactor Inc. FormFactor Inc. Common Stock,$56.26,0.82,1.479%,4361111877.00,United States,2003,1130342,Technology,Semiconductors
FOX,Fox Corporation Class B Common Stock,$63.21,0.13,0.206%,28061619394.00,United States,,1312744,Industrials,Broadcasting
FOXA,Fox Corporation Class A Common Stock,$71.23,0.13,0.183%,31622040017.00,United States,,3497544,Industrials,Broadcasting
FRME,First Merchants Corporation Common Stock,$38.99,0.17,0.438%,2254597530.00,United States,,310089,Finance,Major Banks
FRMI,Fermi Inc. Common Stock,$8.59,-1.50,-14.866%,5274477997.00,United States,2025,12226400,Real Estate,Real Estate Investment Trusts
FROG,JFrog Ltd. Ordinary Shares,$66.15,-2.83,-4.103%,7826393969.00,United States,2020,2288290,Technology,Computer Software: Prepackaged Software
FRPT,Freshpet Inc. Common Stock,$63.56,0.14,0.221%,3102257900.00,United States,2014,1315289,Consumer Staples,Packaged Foods
FRSH,Freshworks Inc. Class A Common Stock,$12.47,-0.68,-5.171%,3516187760.00,United States,2021,4120840,Technology,Computer Software: Prepackaged Software
FSLR,First Solar Inc. Common Stock,$255.89,1.09,0.428%,27459080200.00,United States,2006,1564447,Technology,Semiconductors
FTAI,FTAI Aviation Ltd. Common Stock,$170.69,-6.23,-3.521%,17508172568.00,United States,,641776,Industrials,Misc Corporate Leasing Services
FTAIM,FTAI Aviation Ltd. 9.500% Fixed-Rate Reset Series D Cumulative Perpetual Redeemable Preferred Shares,$26.88,-0.0273,-0.101%,2757160224.00,United States,,321,Industrials,Misc Corporate Leasing Services
FTAIN,FTAI Aviation Ltd. 8.25% Fixed - Rate Reset Series C Cumulative Perpetual Redeemable Preferred Shares,$25.3264,-0.0636,-0.25%,2597802928.00,United States,,4097,Industrials,Misc Corporate Leasing Services
FTDR,Frontdoor Inc. Common Stock,$55.55,0.84,1.535%,4005888204.00,United States,,712618,Consumer Discretionary,Diversified Commercial Services
FTNT,Fortinet Inc. Common Stock,$81.52,-0.70,-0.851%,60622193275.00,United States,2009,5101827,Technology,Computer peripheral equipment
FULT,Fulton Financial Corporation Common Stock,$19.91,0.03,0.151%,3595622498.00,United States,,1450314,Finance,Major Banks
FULTP,Fulton Financial Corporation Depositary Shares Each Representing a 1/40th Interest in a Share of Fixed Rate Non-Cumulative Perpetual Preferred Stock Series A,$19.32,0.24,1.258%,3489072158.00,United States,,5452,Finance,Major Banks
FWONA,Liberty Media Corporation Series A Liberty Formula One Common Stock,$87.12,0.71,0.822%,21784725127.00,United States,,143080,Industrials,Broadcasting
FWONK,Liberty Media Corporation Series C Liberty Formula One Common Stock,$94.84,1.07,1.141%,23715143837.00,United States,,1885937,Industrials,Broadcasting
FYBR,Frontier Communications Parent Inc. Common Stock,$38.20,0.17,0.447%,9562911600.00,United States,,9410251,Telecommunications,Telecommunications Equipment
GBDC,Golub Capital BDC Inc. Common Stock,$13.67,-0.09,-0.654%,3601601285.00,United States,2010,1918066,Finance,Finance: Consumer Services
GCMG,GCM Grosvenor Inc. Class A Common Stock,$11.68,0.00,0.00%,2268214302.00,United States,,793487,Finance,Investment Managers
GEHC,GE HealthCare Technologies Inc. Common Stock ,$84.45,0.49,0.584%,38468798444.00,United States,,3566542,Health Care,Medical Electronics
GEN,Gen Digital Inc. Common Stock,$27.49,-0.18,-0.651%,16953525781.00,United States,,5846188,Technology,Computer Software: Prepackaged Software
GENVR,Gen Digital Inc. Contingent Value Rights,$5.30,-0.93,-14.928%,3268595367.00,United States,,12946,Technology,Computer Software: Prepackaged Software
GFS,GlobalFoundries Inc. Ordinary Shares,$37.24,-1.49,-3.847%,20590473529.00,United States,2021,5225348,Technology,Semiconductors
GH,Guardant Health Inc. Common Stock,$102.67,0.60,0.588%,12940638608.00,United States,2018,1967701,Health Care,Medical Specialities
GILD,Gilead Sciences Inc. Common Stock,$119.78,0.17,0.142%,148608605243.00,United States,1992,7805068,Health Care,Biotechnology: Biological Products (No Diagnostic Substances)
GLPI,Gaming and Leisure Properties Inc. Common Stock,$44.03,0.54,1.242%,12460857298.00,United States,,4322981,Real Estate,Real Estate Investment Trusts
GLXY,Galaxy Digital Inc. Class A Common Stock,$24.54,-2.21,-8.262%,9585577498.00,United States,,14240461,Finance,Investment Bankers/Brokers/Service
GNTX,Gentex Corporation Common Stock,$23.65,-0.02,-0.084%,5178000034.00,United States,,1849746,Consumer Discretionary,Auto Parts:O.E.M.
GOOG,Alphabet Inc. Class C Capital Stock,$309.32,-1.20,-0.386%,3732564440000.00,United States,2004,22028947,Technology,Computer Software: Programming Data Processing
GOOGL,Alphabet Inc. Class A Common Stock,$308.22,-1.07,-0.346%,3719290740000.00,United States,2004,29151889,Technology,Computer Software: Programming Data Processing
GPCR,Structure Therapeutics Inc. American Depositary Shares,$64.80,-2.26,-3.37%,4480219577.00,United States,2023,1404375,Health Care,Biotechnology: Pharmaceutical Preparations
GRAL,GRAIL Inc. Common Stock ,$91.04,0.22,0.242%,3548941582.00,United States,,889724,Health Care,Medical Specialities
GSAT,Globalstar Inc. Common Stock,$69.05,-3.96,-5.424%,8758192487.00,United States,2025,747711,Consumer Discretionary,Telecommunications Equipment
GSHD,Goosehead Insurance Inc. Class A Common Stock,$76.37,-1.46,-1.876%,2813796900.00,United States,2018,267139,Finance,Specialty Insurers
GT,The Goodyear Tire & Rubber Company Common Stock,$9.01,0.21,2.386%,2578309790.00,United States,,4728544,Consumer Discretionary,Automotive Aftermarket
GTLB,GitLab Inc. Class A Common Stock,$38.59,-0.93,-2.353%,6498556000.00,United States,2021,3077232,Technology,Computer Software: Prepackaged Software
GTM,ZoomInfo Technologies Inc Common Stock,$9.79,-0.17,-1.707%,3050490908.00,United States,2020,4853336,Technology,Computer Software: Prepackaged Software
HALO,Halozyme Therapeutics Inc. Common Stock,$63.45,1.24,1.993%,7461529650.00,United States,,2102934,Health Care,Biotechnology: Biological Products (No Diagnostic Substances)
HAS,Hasbro Inc. Common Stock,$81.10,-0.45,-0.552%,11381332565.00,United States,,2553215,Consumer Discretionary,Recreational Games/Products/Toys
HBAN,Huntington Bancshares Incorporated Common Stock,$17.74,-0.08,-0.449%,27937007916.00,United States,,24793820,Finance,Major Banks
HBANL,Huntington Bancshares Incorporated Depositary Shares Each Representing a 1/40th Interest in a Share of 6.875% Series J Non-Cumulative Perpetual Preferred Stock,$25.72,-0.005,-0.019%,40503937069.00,United States,,14346,Finance,Major Banks
HBANM,Huntington Bancshares Incorporated Depositary Shares each representing a 1/1000th interest in a share of Huntington Series I Preferred Stock,$22.00,-0.06,-0.272%,34645669344.00,United States,,10898,Finance,Major Banks
HBANP,Huntington Bancshares Incorporated Depositary Shares 4.500% Series H Non-Cumulative Perpetual Preferred Stock,$17.30,0.00,0.00%,27244094530.00,United States,,77946,Finance,Major Banks
HLNE,Hamilton Lane Incorporated Class A Common Stock,$128.79,-1.40,-1.075%,7186963417.00,United States,2017,427004,Finance,Investment Managers
HOLX,Hologic Inc. Common Stock,$75.19,0.19,0.253%,16760244093.00,United States,1990,5282858,Health Care,Medical Electronics
HON,Honeywell International Inc. Common Stock,$197.45,3.79,1.957%,125358479220.00,United States,,3463331,Industrials,Aerospace
HOOD,Robinhood Markets Inc. Class A Common Stock,$115.26,-4.24,-3.548%,103640509041.00,United States,2021,28421952,Finance,Investment Bankers/Brokers/Service
HQY,HealthEquity Inc. Common Stock,$95.75,-1.04,-1.074%,8180524385.00,United States,2014,666123,Real Estate,Real Estate
HRMY,Harmony Biosciences Holdings Inc. Common Stock,$38.92,-1.59,-3.925%,2241650253.00,United States,2020,1245304,Health Care,Biotechnology: Pharmaceutical Preparations
HSIC,Henry Schein Inc. Common Stock,$77.39,0.84,1.097%,9110722814.00,United States,1995,1351389,Health Care,Medical Specialities
HST,Host Hotels & Resorts Inc. Common Stock,$18.64,0.28,1.525%,12818531926.00,United States,,8942270,Real Estate,Real Estate Investment Trusts
HTFL,Heartflow Inc. Common Stock,$25.63,-0.85,-3.21%,2182617968.00,United States,2025,450060,Health Care,Medical/Dental Instruments
HUBG,Hub Group Inc. Class A Common Stock,$43.22,0.45,1.052%,2643054702.00,United States,1996,1024802,Industrials,Integrated Freight & Logistics
HURN,Huron Consulting Group Inc. Common Stock,$178.40,-1.11,-0.618%,3075877891.00,United States,2004,119690,Consumer Discretionary,Professional Services
HUT,Hut 8 Corp. Common Stock,$35.44,-5.87,-14.21%,3828818238.00,United States,,8771100,Finance,Finance: Consumer Services
HWC,Hancock Whitney Corporation Common Stock,$66.22,0.60,0.914%,5536860939.00,United States,,886397,Finance,Major Banks
HWKN,Hawkins Inc. Common Stock,$144.14,1.89,1.329%,3011119049.00,United States,,319436,Consumer Discretionary,Specialty Chemicals
IAC,IAC Inc. Common Stock,$38.03,-0.58,-1.502%,2944778663.00,United States,,1560282,Technology,Computer Software: Programming Data Processing
IBKR,Interactive Brokers Group Inc. Class A Common Stock,$62.87,-1.28,-1.995%,28000042036.00,United States,2019,4701353,Finance,Investment Bankers/Brokers/Service
IBOC,International Bancshares Corporation Common Stock,$72.86,0.36,0.497%,4529260807.00,United States,,275948,Finance,Major Banks
IBRX,ImmunityBio Inc. Common Stock,$2.22,-0.14,-5.932%,2186622697.00,United States,2015,16580206,Health Care,Biotechnology: Biological Products (No Diagnostic Substances)
ICUI,ICU Medical Inc. Common Stock,$148.03,-0.40,-0.269%,3654366280.00,United States,1992,180779,Health Care,Medical/Dental Instruments
IDCC,InterDigital Inc. Common Stock,$350.89,-3.39,-0.957%,9033505851.00,United States,,193410,Miscellaneous,Multi-Sector Companies
IDXX,IDEXX Laboratories Inc. Common Stock,$700.55,-3.65,-0.518%,55939849232.00,United States,1991,571614,Health Care,Biotechnology: In Vitro & In Vivo Diagnostic Substances
IDYA,IDEAYA Biosciences Inc. Common Stock,$33.37,-0.65,-1.911%,2925428035.00,United States,2019,944080,Health Care,Biotechnology: Pharmaceutical Preparations
IEP,Icahn Enterprises L.P. Common Stock,$7.75,0.02,0.259%,4651616007.00,United States,,759070,Consumer Discretionary,Auto Parts:O.E.M.
IESC,IES Holdings Inc. Common Stock,$453.43,-6.73,-1.463%,9002664477.00,United States,,159955,Industrials,Engineering & Construction
ILMN,Illumina Inc. Common Stock,$134.92,0.05,0.037%,20615776000.00,United States,2000,2167753,Health Care,Medical Specialities
IMNM,Immunome Inc. Common Stock,$22.64,3.07,15.687%,2076320671.00,United States,2020,12946788,Health Care,Biotechnology: Pharmaceutical Preparations
IMVT,Immunovant Inc. Common Stock,$26.00,-0.42,-1.59%,5269635202.00,United States,2019,3583121,Health Care,Biotechnology: Biological Products (No Diagnostic Substances)
INCY,Incyte Corp. Common Stock,$98.64,3.23,3.385%,19365271424.00,United States,,2815675,Health Care,Biotechnology: Commercial Physical & Biological Resarch
INDB,Independent Bank Corp. Common Stock,$77.58,0.89,1.161%,3846204219.00,United States,,291859,Finance,Major Banks
INSM,Insmed Incorporated Common Stock,$196.92,-0.09,-0.046%,41997811515.00,United States,,4146744,Health Care,Biotechnology: Pharmaceutical Preparations
INTA,Intapp Inc. Common Stock,$42.53,-0.45,-1.047%,3484333237.00,United States,2021,506528,Technology,Computer Software: Prepackaged Software
INTC,Intel Corporation Common Stock,$37.51,-0.30,-0.793%,164181270000.00,United States,,60898465,Technology,Semiconductors
INTU,Intuit Inc. Common Stock,$654.60,-16.325,-2.433%,182240640000.00,United States,1993,1707452,Technology,Computer Software: Prepackaged Software
IONS,Ionis Pharmaceuticals Inc. Common Stock,$79.76,-1.06,-1.312%,12919077586.00,United States,,1977626,Health Care,Biotechnology: Pharmaceutical Preparations
IPAR,Interparfums Inc. Common Stock,$83.18,-0.22,-0.264%,2667144075.00,United States,,289117,Consumer Discretionary,Package Goods/Cosmetics
IPGP,IPG Photonics Corporation Common Stock,$77.78,0.66,0.856%,3276442132.00,United States,2006,374715,Technology,Semiconductors
IRON,Disc Medicine Inc. Common Stock,$92.00,0.15,0.163%,3473014904.00,United States,,792687,Health Care,Biotechnology: Pharmaceutical Preparations
IRTC,iRhythm Technologies Inc. Common Stock,$169.00,0.17,0.101%,5445035167.00,United States,2016,456846,Health Care,Medical/Dental Instruments
ISRG,Intuitive Surgical Inc. Common Stock,$559.52,17.20,3.172%,198347642765.00,United States,2000,2928139,Health Care,Industrial Specialties
ITRI,Itron Inc. Common Stock,$95.22,-0.96,-0.998%,4361206547.00,United States,1993,715085,Industrials,Electrical Products
JBHT,J.B. Hunt Transport Services Inc. Common Stock,$197.60,-1.08,-0.544%,18815145170.00,United States,,1143555,Industrials,Trucking Freight/Courier Services
JKHY,Jack Henry & Associates Inc. Common Stock,$187.65,0.15,0.08%,13581568820.00,United States,1985,864365,Technology,EDP Services
KDP,Keurig Dr Pepper Inc. Common Stock,$29.23,-0.28,-0.949%,39711384744.00,United States,,23521261,Consumer Staples,Beverages (Production/Distribution)
KHC,The Kraft Heinz Company Common Stock,$24.50,0.05,0.204%,28999561686.00,United States,,13604282,Consumer Staples,Packaged Foods
KLAC,KLA Corporation Common Stock,$1225.11,31.19,2.612%,160970067207.00,United States,1980,1258601,Technology,Electronic Components
KMB,Kimberly-Clark Corporation Common Stock,$102.80,-0.35,-0.339%,34115045679.00,United States,,7624353,Consumer Discretionary,Containers/Packaging
KNSA,Kiniksa Pharmaceuticals International plc Class A Ordinary Shares,$41.55,-0.04,-0.096%,3149313786.00,United States,2018,619402,Health Care,Biotechnology: Pharmaceutical Preparations
KRYS,Krystal Biotech Inc. Common Stock,$242.98,-1.67,-0.683%,7045817167.00,United States,2017,243713,Health Care,Biotechnology: Biological Products (No Diagnostic Substances)
KTOS,Kratos Defense & Security Solutions Inc. Common Stock,$74.26,-1.70,-2.238%,12538110976.00,United States,,1748365,Industrials,Military/Government/Technical
KYMR,Kymera Therapeutics Inc. Common Stock,$85.68,-4.00,-4.46%,6746543788.00,United States,2020,1126124,Health Care,Biotechnology: Biological Products (No Diagnostic Substances)
LAMR,Lamar Advertising Company Class A Common Stock,$126.96,-1.04,-0.813%,12858976267.00,United States,1996,654090,Real Estate,Real Estate Investment Trusts
LAUR,Laureate Education Inc. Common Stock,$32.70,0.56,1.742%,4818971597.00,United States,2017,1087475,Real Estate,Other Consumer Services
LBRDA,Liberty Broadband Corporation Class A Common Stock,$48.39,0.51,1.065%,6943460921.00,United States,,108442,Telecommunications,Cable & Other Pay Television Services
LBRDK,Liberty Broadband Corporation Class C Common Stock,$48.61,0.63,1.313%,6975028630.00,United States,,814463,Telecommunications,Cable & Other Pay Television Services
LBRDP,Liberty Broadband Corporation Series A Cumulative Redeemable Preferred Stock,$24.5527,0.1527,0.626%,3523056685.00,United States,,2241,Telecommunications,Cable & Other Pay Television Services
LCID,Lucid Group Inc. Common Stock,$11.81,-0.73,-5.821%,3828429477.00,United States,,7621412,Industrials,Auto Manufacturing
LECO,Lincoln Electric Holdings Inc. Common Shares,$244.24,0.49,0.201%,13439593226.00,United States,,382682,Industrials,Industrial Machinery/Components
LEGN,Legend Biotech Corporation American Depositary Shares,$22.01,-0.31,-1.389%,4042117968.00,United States,2020,2974103,Health Care,Biotechnology: Pharmaceutical Preparations
LFST,LifeStance Health Group Inc. Common Stock,$6.92,0.01,0.145%,2691881945.00,United States,2021,4156995,Health Care,Medical/Nursing Services
LFUS,Littelfuse Inc. Common Stock,$260.55,-1.71,-0.652%,6488134548.00,United States,,214711,Energy,Electrical Products
LGN,Legence Corp. Class A Common stock,$40.84,-0.90,-2.156%,4301960180.00,United States,2025,1603233,Consumer Discretionary,Engineering & Construction
LGND,Ligand Pharmaceuticals Incorporated Common Stock,$192.88,3.33,1.757%,3796210154.00,United States,,271062,Health Care,Biotechnology: Pharmaceutical Preparations
LIF,Life360 Inc. Common Stock,$64.71,-2.86,-4.233%,5073297520.00,United States,2024,1325261,Technology,EDP Services
LIN,Linde plc Ordinary Shares,$416.99,0.75,0.18%,194713034321.00,United States,,4798106,Basic Materials,Major Chemicals
LINE,Lineage Inc. Common Stock,$36.17,-0.65,-1.765%,8257235736.00,United States,2024,899694,Real Estate,Real Estate Investment Trusts
LITE,Lumentum Holdings Inc. Common Stock,$334.69,10.34,3.188%,23729521000.00,United States,,4708487,Telecommunications,Telecommunications Equipment
LKQ,LKQ Corporation Common Stock,$30.52,-0.47,-1.517%,7812082503.00,United States,2003,3788884,Consumer Discretionary,Motor Vehicles
LLYVA,Liberty Live Holdings Inc. Series A Liberty Live Group Common Stock,$82.97,0.11,0.133%,7625159220.00,United States,,844243,Industrials,Broadcasting
LLYVK,Liberty Live Holdings Inc. Series C Liberty Live Group Common Stock,$85.12,-0.08,-0.094%,7822749823.00,United States,,742294,Industrials,Broadcasting
LNT,Alliant Energy Corporation Common Stock,$65.63,0.30,0.459%,16870433609.00,United States,,1744246,Utilities,Power Generation
LNTH,Lantheus Holdings Inc. Common Stock,$66.57,-0.05,-0.075%,4414375128.00,United States,2015,1650131,Health Care,Biotechnology: In Vitro & In Vivo Diagnostic Substances
LOGI,Logitech International S.A. Ordinary Shares,$111.935,-0.835,-0.74%,16438512508.00,United States,1997,494015,Technology,Computer peripheral equipment
LOPE,Grand Canyon Education Inc. Common Stock,$161.36,4.36,2.777%,4512993287.00,United States,2008,439563,Real Estate,Other Consumer Services
LPLA,LPL Financial Holdings Inc. Common Stock,$373.43,-7.53,-1.977%,29888449183.00,United States,2010,1010536,Finance,Investment Bankers/Brokers/Service
LQDA,Liquidia Corporation Common Stock,$34.19,0.81,2.427%,2974375564.00,United States,2018,1012930,Health Care,Biotechnology: Pharmaceutical Preparations
LRCX,Lam Research Corporation Common Stock,$164.30,3.78,2.355%,206365729000.00,United States,1984,10258816,Technology,Industrial Machinery/Components
LSCC,Lattice Semiconductor Corporation Common Stock,$76.05,0.43,0.569%,10402605264.00,United States,,1697795,Technology,Semiconductors
LSTR,Landstar System Inc. Common Stock,$146.35,-1.76,-1.188%,5026347138.00,United States,1993,525896,Industrials,Trucking Freight/Courier Services
LUNR,Intuitive Machines Inc. Class A Common Stock,$11.12,-0.85,-7.101%,2004035814.00,United States,2021,6593558,Industrials,Industrial Machinery/Components
LYFT,Lyft Inc. Class A Common Stock,$19.12,-1.25,-6.136%,7635636970.00,United States,2019,20499050,Real Estate,Real Estate
MANH,Manhattan Associates Inc. Common Stock,$169.96,-3.77,-2.17%,10241491660.00,United States,1998,534923,Technology,Computer Software: Prepackaged Software
MAR,Marriott International Class A Common Stock,$308.49,9.77,3.271%,82783845240.00,United States,,2216981,Consumer Discretionary,Hotels/Resorts
MARA,MARA Holdings Inc. Common Stock,$10.70,-0.82,-7.118%,4046572577.00,United States,,44712665,Technology,EDP Services
MASI,Masimo Corporation Common Stock,$137.40,-0.94,-0.679%,7380296593.00,United States,2007,695377,Health Care,Biotechnology: Electromedical & Electrotherapeutic Apparatus
MAT,Mattel Inc. Common Stock,$20.43,0.22,1.089%,6349644000.00,United States,,4430309,Consumer Discretionary,Recreational Games/Products/Toys
MCHB,Mechanics Bancorp Class A Common Stock,$14.56,-0.18,-1.221%,3220870744.00,United States,2012,761188,Finance,Major Banks
MCHP,Microchip Technology Incorporated Common Stock,$67.18,0.00,0.00%,36307218308.00,United States,1993,6768164,Technology,Semiconductors
MCHPP,Microchip Technology Incorporated Depositary Shares Each Representing a 1/20th Interest in a Share of 7.50% Series A Mandatory Convertible Preferred Stock,$61.09,-0.31,-0.505%,33015897089.00,United States,,11055,Technology,Semiconductors
MDB,MongoDB Inc. Class A Common Stock,$416.00,-3.00,-0.716%,33858972160.00,United States,2017,2066245,Technology,Computer Software: Prepackaged Software
MDGL,Madrigal Pharmaceuticals Inc. Common Stock,$560.55,-10.89,-1.906%,12730886481.00,United States,2007,245801,Health Care,Biotechnology: Pharmaceutical Preparations
MDLZ,Mondelez International Inc. Class A Common Stock,$54.26,0.22,0.407%,70014851776.00,United States,,17381366,Consumer Staples,Packaged Foods
MEDP,Medpace Holdings Inc. Common Stock,$559.13,1.23,0.22%,15749698526.00,United States,2016,262351,Health Care,Biotechnology: Commercial Physical & Biological Resarch
META,Meta Platforms Inc. Class A Common Stock,$647.51,3.805,0.591%,1632066824333.00,United States,2012,15549088,Technology,Computer Software: Programming Data Processing
MFICL,MidCap Financial Investment Corporation 8.00% Notes due 2028,$25.23,-0.02,-0.079%,2354050383.00,United States,,454,Finance,Finance/Investors Services
MGEE,MGE Energy Inc,$81.79,1.60,1.995%,2988757830.00,United States,,186031,Energy,Electric Utilities: Central
MGNI,Magnite Inc. Common Stock,$15.84,-0.46,-2.822%,2275382245.00,United States,,2637378,Technology,Computer Software: Programming Data Processing
MGRC,McGrath RentCorp Common Stock,$107.91,1.14,1.068%,2655843907.00,United States,1984,114528,Consumer Discretionary,Diversified Commercial Services
MIDD,Middleby Corporation (The) Common Stock,$147.28,-0.48,-0.325%,7418677700.00,United States,,938126,Industrials,Industrial Machinery/Components
MIRM,Mirum Pharmaceuticals Inc. Common Stock,$64.10,-0.90,-1.385%,3294328093.00,United States,2019,530763,Health Care,Biotechnology: Pharmaceutical Preparations
MKSI,MKS Inc. Common Stock,$159.31,3.54,2.273%,10700768903.00,United States,1999,1005642,Industrials,Industrial Machinery/Components
MKTX,MarketAxess Holdings Inc. Common Stock,$179.20,0.21,0.117%,6661134234.00,United States,2004,691178,Finance,Investment Bankers/Brokers/Service
MLYS,Mineralys Therapeutics Inc. Common Stock,$36.02,-0.88,-2.385%,2850621215.00,United States,2023,959882,Health Care,Biotechnology: Pharmaceutical Preparations
MMSI,Merit Medical Systems Inc. Common Stock,$86.41,-0.29,-0.334%,5123270330.00,United States,,776886,Health Care,Medical/Dental Instruments
MNST,Monster Beverage Corporation,$74.85,0.88,1.19%,73130038018.00,United States,,5618408,Consumer Staples,Beverages (Production/Distribution)
MORN,Morningstar Inc. Common Stock,$210.71,-3.39,-1.583%,8666333311.00,United States,2005,586400,Finance,Investment Managers
MPWR,Monolithic Power Systems Inc. Common Stock,$949.40,2.89,0.305%,45482905800.00,United States,2004,690903,Technology,Semiconductors
MQ,Marqeta Inc. Class A Common Stock,$4.82,-0.12,-2.429%,2121278371.00,United States,2021,4616956,Technology,Computer Software: Prepackaged Software
MRCY,Mercury Systems Inc Common Stock,$74.49,0.00,0.00%,4476859131.00,United States,1998,674044,Technology,Electrical Products
MRNA,Moderna Inc. Common Stock,$29.92,0.46,1.561%,11689130999.00,United States,2018,9271620,Health Care,Biotechnology: Biological Products (No Diagnostic Substances)
MRVL,Marvell Technology Inc. Common Stock,$84.26,-0.165,-0.195%,71460906000.00,United States,2000,11953281,Technology,Semiconductors
MSFT,Microsoft Corporation Common Stock,$474.82,-3.71,-0.775%,3529041558147.00,United States,1986,23727694,Technology,Computer Software: Prepackaged Software
MSTR,Strategy Inc Common Stock Class A,$162.08,-14.37,-8.144%,46574293369.00,United States,1998,25393373,Technology,Computer Software: Prepackaged Software
MTCH,Match Group Inc. Common Stock,$32.62,-0.57,-1.717%,7700609565.00,United States,,3297178,Technology,Computer Software: Programming Data Processing
MTSI,MACOM Technology Solutions Holdings Inc. Common Stock,$175.29,-2.06,-1.162%,13135001714.00,United States,2012,1357455,Technology,Semiconductors
MU,Micron Technology Inc. Common Stock,$237.50,-3.64,-1.509%,266585683313.00,United States,,27483624,Technology,Semiconductors
MYRG,MYR Group Inc. Common Stock,$220.51,2.11,0.966%,3422940125.00,United States,2008,267998,Industrials,Water Sewer Pipeline Comm & Power Line Construction
MZTI,The Marzetti Company Common Stock,$170.01,3.07,1.839%,4672894860.00,United States,,152007,Consumer Staples,Packaged Foods
NAVN,Navan Inc. Class A Common Stock,$14.635,0.085,0.584%,3633020426.00,United States,2025,1996897,Technology,Computer Software: Prepackaged Software
NBIX,Neurocrine Biosciences Inc. Common Stock,$154.06,1.26,0.825%,15360659834.00,United States,1996,768198,Health Care,Biotechnology: Biological Products (No Diagnostic Substances)
NBTB,NBT Bancorp Inc. Common Stock,$44.46,0.43,0.977%,2325933481.00,United States,,323993,Finance,Major Banks
NCNO,nCino Inc. Common Stock,$24.52,-0.95,-3.73%,2812075415.00,United States,2020,1761016,Technology,Computer Software: Prepackaged Software
NDAQ,Nasdaq Inc. Common Stock,$92.93,-0.64,-0.684%,53062605589.00,United States,,2543205,Finance,Investment Bankers/Brokers/Service
NDSN,Nordson Corporation Common Stock,$237.79,2.34,0.994%,13360540990.00,United States,,796878,Industrials,Industrial Machinery/Components
NFLX,Netflix Inc. Common Stock,$93.77,-1.42,-1.492%,397333809592.00,United States,2002,40016455,Consumer Discretionary,Consumer Electronics/Video Chains
NMFCZ,New Mountain Finance Corporation 8.250% Notes due 2028,$25.30,-0.0225,-0.089%,2690932313.00,United States,,15851,,
NMIH,NMI Holdings Inc. Common Stock,$40.13,0.56,1.415%,3084709951.00,United States,2013,356519,Finance,Property-Casualty Insurers
NMRK,Newmark Group Inc. Class A Common Stock,$17.06,-0.26,-1.501%,3077835663.00,United States,2017,1058394,Finance,Real Estate
NN,NextNav Inc. Common Stock,$16.11,-0.30,-1.828%,2172096608.00,United States,,1005367,Industrials,Industrial Machinery/Components
NOVT,Novanta Inc. Common Stock,$119.41,0.46,0.387%,4271907437.00,United States,,373796,Miscellaneous,Industrial Machinery/Components
NSIT,Insight Enterprises Inc. Common Stock,$79.44,-3.45,-4.162%,2461019186.00,United States,1995,420049,Consumer Discretionary,Catalog/Specialty Distribution
NTAP,NetApp Inc. Common Stock,$114.11,-1.55,-1.34%,22600666310.00,United States,1995,1355857,Technology,Electronic Components
NTNX,Nutanix Inc. Class A Common Stock,$47.76,0.18,0.378%,12914300370.00,United States,2016,6663671,Technology,Computer Software: Prepackaged Software
NTRA,Natera Inc. Common Stock,$228.40,-3.55,-1.531%,31522503806.00,United States,2015,1141698,Health Care,Medical Specialities
NTRS,Northern Trust Corporation Common Stock,$139.62,1.10,0.794%,26404567060.00,United States,,1322940,Finance,Major Banks
NTRSO,Northern Trust Corporation Depositary Shares Each Representing a 1/1000th Interest in a Share of Series E Non-Cumulative Perpetual Preferred Stock,$19.29,0.0038,0.02%,3648074048.00,United States,,66423,Finance,Major Banks
NTSK,Netskope Inc. Class A Common Stock,$19.05,-1.67,-8.06%,7491581302.00,United States,2025,5249100,Technology,Computer Software: Prepackaged Software
NUVL,Nuvalent Inc. Class A Common Stock,$104.97,0.17,0.162%,7632023874.00,United States,2021,558810,Health Care,Biotechnology: Pharmaceutical Preparations
NVDA,NVIDIA Corporation Common Stock,$176.29,1.27,0.726%,4283847000000.00,United States,1999,164775636,Technology,Semiconductors
NWE,NorthWestern Energy Group Inc. Common Stock,$66.61,-0.57,-0.848%,4090322202.00,United States,,730042,Utilities,Power Generation
NWS,News Corporation Class B Common Stock,$29.27,-0.39,-1.315%,16435374986.00,United States,,1776952,Consumer Discretionary,Newspapers/Magazines
NWSA,News Corporation Class A Common Stock,$26.05,-0.17,-0.648%,14627315285.00,United States,,3627451,Consumer Discretionary,Newspapers/Magazines
NXST,Nexstar Media Group Inc. Common Stock,$204.06,0.39,0.191%,6188362740.00,United States,2003,252181,Industrials,Broadcasting
NXT,Nextpower Inc. Class A Common Stock,$87.16,0.41,0.473%,12933391745.00,United States,2023,1518996,Industrials,Industrial Machinery/Components
OCUL,Ocular Therapeutix Inc. Common Stock,$14.17,-0.39,-2.679%,3018882678.00,United States,2014,3350313,Health Care,Biotechnology: Pharmaceutical Preparations
ODFL,Old Dominion Freight Line Inc. Common Stock,$157.46,-2.03,-1.273%,32924640205.00,United States,1991,2593374,Industrials,Trucking Freight/Courier Services
OKTA,Okta Inc. Class A Common Stock,$88.20,-1.98,-2.196%,15631705492.00,United States,2017,3033699,Technology,Computer Software: Prepackaged Software
OLED,Universal Display Corporation Common Stock,$119.21,1.03,0.872%,5667511026.00,United States,,601682,Technology,Electrical Products
OLLI,Ollie's Bargain Outlet Holdings Inc. Common Stock,$112.99,-0.92,-0.808%,6929964712.00,United States,2015,1615766,Consumer Discretionary,Department/Specialty Retail Stores
OLMA,Olema Pharmaceuticals Inc. Common Stock,$35.83,2.78,8.411%,2693399646.00,United States,2020,3406941,Health Care,Biotechnology: Pharmaceutical Preparations
ON,ON Semiconductor Corporation Common Stock,$55.09,0.13,0.237%,22167026717.00,United States,,8070937,Technology,Semiconductors
ONB,Old National Bancorp Common Stock,$22.99,0.04,0.174%,8983871270.00,United States,,2964348,Finance,Major Banks
ONBPO,Old National Bancorp Depositary Shares Each Representing a 1/40th Interest in a Share of Series C Preferred Stock,$25.175,0.025,0.099%,9837710275.00,United States,,5826,Finance,Major Banks
ONBPP,Old National Bancorp Depositary Shares Each Representing a 1/40th Interest in a Share of Series A Preferred Stock,$25.12,0.06,0.239%,9816217760.00,United States,,4867,Finance,Major Banks
ONDS,Ondas Holdings Inc. Common Stock,$7.69,-1.06,-12.114%,2833454816.00,United States,,100385771,Technology,Radio And Television Broadcasting And Communications Equipment
OPCH,Option Care Health Inc. Common Stock,$33.54,0.30,0.903%,5323894959.00,United States,,2044761,Health Care,Medical/Nursing Services
OPEN,Opendoor Technologies Inc Common Stock,$6.47,-0.09,-1.372%,6171009130.00,United States,,76091264,Finance,Real Estate
ORLY,O'Reilly Automotive Inc. Common Stock,$95.14,1.03,1.094%,80308063313.00,United States,1993,6611846,Consumer Discretionary,Auto & Home Supply Stores
OS,OneStream Inc. Class A Common Stock,$16.99,-0.75,-4.228%,4142362023.00,United States,2024,1418687,Technology,Computer Software: Prepackaged Software
OSIS,OSI Systems Inc. Common Stock (DE),$262.38,2.94,1.133%,4454654318.00,United States,1997,144480,Technology,Semiconductors
OTTR,Otter Tail Corporation Common Stock,$84.37,0.31,0.369%,3535568722.00,United States,,419488,Utilities,Electric Utilities: Central
OXLC,Oxford Lane Capital Corp. Common Stock,$13.64,-0.16,-1.159%,2367904000.00,United States,2011,1465951,Finance,Investment Managers
OXLCL,Oxford Lane Capital Corp. 6.75% Notes due 2031,$23.998,0.2607,1.098%,4166052800.00,United States,,4149,Finance,Finance Companies
OXLCN,Oxford Lane Capital Corp. 7.125% Series 2029 Term Preferred Stock,$24.47,0.02,0.082%,4247992000.00,United States,,10746,Finance,Investment Managers
OXLCO,Oxford Lane Capital Corp. Preferred Stock Shares 6.00% Series 2029,$23.3726,-0.0674,-0.288%,4057483360.00,United States,,12362,Finance,Investment Managers
OXLCP,Oxford Lane Capital Corp. 6.25% Series 2027 Term Preferred Shares,$24.68,0.1422,0.58%,4284448000.00,United States,,9546,Finance,Investment Managers
OXLCZ,Oxford Lane Capital Corp. 5.00% Notes due 2027,$24.27,0.0682,0.282%,4213272000.00,United States,,6233,Finance,Finance Companies
OZK,Bank OZK Common Stock,$48.13,-0.57,-1.17%,5445242033.00,United States,,1053141,Finance,Major Banks
PAA,Plains All American Pipeline L.P. Common Units representing Limited Partner Interests,$17.87,0.11,0.619%,12607245150.00,United States,1998,4114361,Energy,Natural Gas Distribution
PAGP,Plains GP Holdings L.P. Class A Units representing Limited Partner Interests,$19.04,0.20,1.062%,3767789881.00,United States,,2160679,Energy,Natural Gas Distribution
PANW,Palo Alto Networks Inc. Common Stock,$185.88,-5.81,-3.031%,129558360000.00,United States,,6660313,Technology,Computer peripheral equipment
PATK,Patrick Industries Inc. Common Stock,$114.18,-0.82,-0.713%,3799464641.00,United States,,259422,Consumer Discretionary,Auto Parts:O.E.M.
PAYO,Payoneer Global Inc. Common Stock,$5.82,-0.14,-2.349%,2074482569.00,United States,,2898897,Real Estate,Real Estate
PAYX,Paychex Inc. Common Stock,$115.38,-0.07,-0.061%,41524586219.00,United States,1983,4444729,Industrials,Diversified Commercial Services
PCAR,PACCAR Inc. Common Stock,$112.96,1.40,1.255%,59327084393.00,United States,,4655340,Consumer Discretionary,Motor Vehicles
PCH,PotlatchDeltic Corporation Common Stock,$40.49,0.66,1.657%,3129512590.00,United States,,642898,Real Estate,Real Estate Investment Trusts
PCTY,Paylocity Holding Corporation Common Stock,$148.50,-2.39,-1.584%,8075668640.00,United States,2014,638690,Technology,Computer Software: Prepackaged Software
PCVX,Vaxcyte Inc. Common Stock,$44.34,-0.16,-0.36%,5804383701.00,United States,2020,1713126,Health Care,Biotechnology: Pharmaceutical Preparations
PECO,Phillips Edison & Company Inc. Common Stock,$35.57,0.6283,1.798%,4474706000.00,United States,2021,1429432,Real Estate,Real Estate Investment Trusts
PEGA,Pegasystems Inc. Common Stock,$58.38,-1.25,-2.096%,9908416072.00,United States,1996,887883,Technology,EDP Services
PEP,PepsiCo Inc. Common Stock,$151.22,0.57,0.378%,206769173249.00,United States,,8409625,Consumer Staples,Beverages (Production/Distribution)
PFG,Principal Financial Group Inc Common Stock,$90.63,0.69,0.767%,19910852991.00,United States,2001,1706038,Finance,Accident &Health Insurance
PGNY,Progyny Inc. Common Stock,$26.34,-0.37,-1.385%,2270814966.00,United States,2019,1485786,Health Care,Misc Health and Biotechnology Services
PI,Impinj Inc. Common Stock,$153.29,7.96,5.477%,4615428844.00,United States,2016,946203,Technology,Industrial Machinery/Components
PLAB,Photronics Inc. Common Stock,$36.75,0.44,1.212%,2168419969.00,United States,1987,2280247,Technology,Semiconductors
PLMR,Palomar Holdings Inc. Common stock,$125.52,-1.07,-0.845%,3326492380.00,United States,2019,251930,Finance,Property-Casualty Insurers
PLTR,Palantir Technologies Inc. Class A Common Stock,$183.25,-0.32,-0.174%,436764708939.00,United States,,32796052,Technology,Computer Software: Prepackaged Software
PLUG,Plug Power Inc. Common Stock,$2.22,-0.10,-4.31%,3092224385.00,United States,1999,94449244,Energy,Industrial Machinery/Components
PLUS,ePlus inc. Common Stock,$92.06,0.31,0.338%,2433962925.00,United States,1996,257011,Technology,Retail: Computer Software & Peripheral Equipment
PLXS,Plexus Corp. Common Stock,$159.72,-0.19,-0.119%,4276409564.00,United States,,218854,Technology,Electrical Products
PNFP,Pinnacle Financial Partners Inc. Common Stock,$100.42,0.54,0.541%,7790127392.00,United States,,1160308,Finance,Major Banks
PODD,Insulet Corporation Common Stock,$291.51,-4.19,-1.417%,20506824236.00,United States,2007,731473,Health Care,Medical/Dental Instruments
POOL,Pool Corporation Common Stock,$238.34,-1.93,-0.803%,8878042017.00,United States,1995,661078,Consumer Discretionary,Industrial Specialties
POWI,Power Integrations Inc. Common Stock,$36.34,-0.13,-0.356%,2010916127.00,United States,1997,707164,Technology,Semiconductors
POWL,Powell Industries Inc. Common Stock,$327.94,-9.13,-2.709%,3965477699.00,United States,,218568,Energy,Electrical Products
POWWP,Outdoor Holding Company 8.75% Series A Cumulative Redeemable Perpetual Preferred Stock,$24.14,0.04,0.166%,2827055364.00,United States,,690,Industrials,Ordnance And Accessories
PPC,Pilgrim's Pride Corporation Common Stock,$39.64,-0.33,-0.826%,9416380799.00,United States,,1182361,Consumer Staples,Meat/Poultry/Fish
PRAX,Praxis Precision Medicines Inc. Common Stock,$276.40,7.60,2.827%,6911982064.00,United States,2020,988637,Health Care,Biotechnology: Pharmaceutical Preparations
PRCT,PROCEPT BioRobotics Corporation Common Stock,$36.10,0.11,0.306%,2017217063.00,United States,2021,1245315,Health Care,Medical/Dental Instruments
PRVA,Privia Health Group Inc. Common Stock,$24.34,-0.57,-2.288%,2993857216.00,United States,2021,867059,Health Care,Medical/Nursing Services
PSKY,Paramount Skydance Corporation Class B Common Stock,$13.99,0.25,1.82%,15433306008.00,United States,,6609275,Industrials,Broadcasting
PSMT,PriceSmart Inc. Common Stock,$129.86,1.34,1.043%,4011215802.00,United States,,153954,Consumer Discretionary,Department/Specialty Retail Stores
PTC,PTC Inc. Common Stock,$175.07,-0.93,-0.528%,20911807053.00,United States,,1558568,Technology,Computer Software: Prepackaged Software
PTCT,PTC Therapeutics Inc. Common Stock,$76.25,0.61,0.806%,6121983256.00,United States,2013,1525192,Health Care,Biotechnology: Pharmaceutical Preparations
PTEN,Patterson-UTI Energy Inc. Common Stock,$6.22,0.01,0.161%,2358885389.00,United States,1993,9086040,Energy,Oil & Gas Production
PTGX,Protagonist Therapeutics Inc. Common Stock,$94.79,-0.56,-0.587%,5925859980.00,United States,2016,959980,Health Care,Biotechnology: Pharmaceutical Preparations
PTON,Peloton Interactive Inc. Class A Common Stock,$6.25,-0.29,-4.434%,2611290450.00,United States,2019,9517833,Consumer Discretionary,Recreational Games/Products/Toys
PYPL,PayPal Holdings Inc. Common Stock,$60.74,-0.92,-1.492%,56831499625.00,United States,,18187549,Industrials,Diversified Commercial Services
QCOM,QUALCOMM Incorporated Common Stock,$179.26,0.97,0.544%,191987460000.00,United States,1991,6954650,Technology,Radio And Television Broadcasting And Communications Equipment
QLYS,Qualys Inc. Common Stock,$144.90,-7.63,-5.002%,5195868829.00,United States,2012,533676,Technology,Computer Software: Prepackaged Software
QRVO,Qorvo Inc. Common Stock,$87.70,-0.37,-0.42%,8103209972.00,United States,,850967,Technology,Semiconductors
QUBT,Quantum Computing Inc. Common Stock,$10.91,-1.14,-9.461%,2445185247.00,United States,,18681976,Technology,Computer Software: Prepackaged Software
RARE,Ultragenyx Pharmaceutical Inc. Common Stock,$36.23,0.00,0.00%,3495382325.00,United States,2014,1715239,Health Care,Biotechnology: Pharmaceutical Preparations
RDNT,RadNet Inc. Common Stock,$72.58,-1.36,-1.839%,5609160802.00,United States,,1269507,Health Care,Medical Specialities
REG,Regency Centers Corporation Common Stock,$68.25,1.245,1.858%,12482991749.00,United States,1993,1315280,Real Estate,Real Estate Investment Trusts
REGCO,Regency Centers Corporation 5.875% Series B Cumulative Redeemable Preferred Stock,$22.605,-0.03,-0.133%,4134476608.00,United States,,2077,Real Estate,Real Estate Investment Trusts
REGCP,Regency Centers Corporation 6.25% Series A Cumulative Redeemable Preferred Stock,$23.62,-0.08,-0.338%,4320121100.00,United States,,874,Real Estate,Real Estate Investment Trusts
REGN,Regeneron Pharmaceuticals Inc. Common Stock,$752.62,11.33,1.528%,79099958596.00,United States,1991,932936,Health Care,Biotechnology: Pharmaceutical Preparations
RELY,Remitly Global Inc. Common Stock,$14.50,-0.15,-1.024%,3031166000.00,United States,2021,2547266,Real Estate,Real Estate
REYN,Reynolds Consumer Products Inc. Common Stock,$24.31,-0.14,-0.573%,5113113014.00,United States,2020,636150,Consumer Discretionary,Containers/Packaging
RGEN,Repligen Corporation Common Stock,$160.58,3.19,2.027%,9039168474.00,United States,1986,581253,Health Care,Biotechnology: Biological Products (No Diagnostic Substances)
RGLD,Royal Gold Inc. Common Stock,$216.00,-2.75,-1.257%,18229981608.00,United States,,1283759,Industrials,Precious Metals
RGTI,Rigetti Computing Inc. Common Stock,$23.53,-2.31,-8.94%,7765513615.00,United States,,33711170,Technology,EDP Services
RGTIW,Rigetti Computing Inc. Warrants,$12.28,-2.17,-15.017%,4052720238.00,United States,,128362,Technology,EDP Services
RIOT,Riot Platforms Inc. Common Stock ,$13.71,-1.59,-10.392%,5097476520.00,United States,,19176497,Finance,Finance: Consumer Services
RIVN,Rivian Automotive Inc. Class A Common Stock,$18.70,0.28,1.52%,22924575251.00,United States,2021,64341010,Industrials,Auto Manufacturing
RKLB,Rocket Lab Corporation Common Stock,$55.41,-6.08,-9.888%,29597602412.00,United States,2020,32932215,Industrials,Military/Government/Technical
RMBS,Rambus Inc. Common Stock,$95.45,1.22,1.295%,10275205195.00,United States,1997,1281727,Technology,Semiconductors
RNA,Avidity Biosciences Inc. Common Stock,$71.86,0.03,0.042%,10827558820.00,United States,2020,2025340,Health Care,Biotechnology: Pharmaceutical Preparations
ROAD,Construction Partners Inc. Class A Common Stock,$109.99,-0.09,-0.082%,6217363704.00,United States,2018,765582,Industrials,Military/Government/Technical
ROKU,Roku Inc. Class A Common Stock,$109.025,1.555,1.447%,16108636833.00,United States,2017,3877123,Telecommunications,Cable & Other Pay Television Services
ROP,Roper Technologies Inc. Common Stock,$443.60,-2.26,-0.507%,47747963948.00,United States,1992,1915411,Technology,Computer Software: Programming Data Processing
ROST,Ross Stores Inc. Common Stock,$184.28,2.19,1.203%,59604431332.00,United States,1985,3118318,Consumer Discretionary,Clothing/Shoe/Accessory Stores
RPRX,Royalty Pharma plc Class A Ordinary Shares ,$38.53,0.14,0.365%,22240984263.00,United States,2020,6695418,Health Care,Biotechnology: Pharmaceutical Preparations
RRR,Red Rock Resorts Inc. Class A Common Stock,$62.10,1.39,2.29%,6573617980.00,United States,2016,625844,Consumer Discretionary,Hotels/Resorts
RUM,Rumble Inc. Class A Common Stock,$6.395,-0.615,-8.773%,2780945195.00,United States,2021,2938038,Technology,Computer Software: Programming Data Processing
RUN,Sunrun Inc. Common Stock,$17.35,-0.58,-3.235%,4025925681.00,United States,2015,4235340,Miscellaneous,Industrial Machinery/Components
RUSHA,Rush Enterprises Inc. Common Stock Cl A,$56.83,0.53,0.941%,4380536530.00,United States,,864352,Consumer Discretionary,Retail-Auto Dealers and Gas Stations
RUSHB,Rush Enterprises Inc. Class B,$59.21,0.27,0.458%,4563990286.00,United States,,45172,Consumer Discretionary,Retail-Auto Dealers and Gas Stations
RVMD,Revolution Medicines Inc. Common Stock,$79.00,0.08,0.101%,15272264595.00,United States,2020,3187651,Health Care,Biotechnology: Biological Products (No Diagnostic Substances)
RXRX,Recursion Pharmaceuticals Inc. Class A Common Stock,$4.20,-0.13,-3.002%,2183317857.00,United States,2021,17415058,Health Care,Biotechnology: Biological Products (No Diagnostic Substances)
RYTM,Rhythm Pharmaceuticals Inc. Common Stock,$112.52,-1.04,-0.916%,7509141021.00,United States,2017,1430385,Health Care,Biotechnology: Pharmaceutical Preparations
SAIA,Saia Inc. Common Stock,$339.57,-5.48,-1.588%,9047041604.00,United States,,430612,Industrials,Trucking Freight/Courier Services
SAIC,Science Applications International Corporation Common Stock,$101.58,1.40,1.397%,4584042714.00,United States,,753571,Technology,EDP Services
SAIL,SailPoint Inc. Common Stock,$20.64,-0.39,-1.854%,11591955686.00,United States,2025,1806293,Technology,Computer Software: Prepackaged Software
SANM,Sanmina Corporation Common Stock,$158.17,-2.46,-1.531%,8630370007.00,United States,1993,659132,Technology,Electrical Products
SATA,Strive Inc. Variable Rate Series A Perpetual Preferred Stock,$90.22,-0.80,-0.879%,73572931294.00,United States,,43908,,
SATS,EchoStar  Corporation Common Stock,$103.93,-3.44,-3.204%,29918985418.00,United States,,4950941,Consumer Discretionary,Telecommunications Equipment
SBAC,SBA Communications Corporation Class A Common Stock,$193.13,1.47,0.767%,20577396424.00,United States,1999,911913,Real Estate,Real Estate Investment Trusts
SBCF,Seacoast Banking Corporation of Florida Common Stock,$32.69,0.31,0.957%,3198002191.00,United States,,762394,Finance,Major Banks
SBRA,Sabra Health Care REIT Inc. Common Stock,$19.195,0.015,0.078%,4786266973.00,United States,,3013868,Real Estate,Real Estate Investment Trusts
SBUX,Starbucks Corporation Common Stock,$85.40,0.05,0.059%,97108340000.00,United States,1992,11718593,Consumer Discretionary,Restaurants
SEIC,SEI Investments Company Common Stock,$81.99,-1.01,-1.217%,10038807226.00,United States,1981,678446,Finance,Investment Bankers/Brokers/Service
SEZL,Sezzle Inc. Common Stock,$66.17,-4.18,-5.942%,2259910759.00,United States,,1187118,Real Estate,Real Estate
SFD,Smithfield Foods Inc. Common Stock,$22.62,0.09,0.399%,8892209523.00,United States,2025,654182,Consumer Staples,Meat/Poultry/Fish
SFM,Sprouts Farmers Market Inc. Common Stock,$80.39,0.85,1.069%,7827529201.00,United States,2013,1828975,Consumer Staples,Food Chains
SFNC,Simmons First National Corporation Class A Common Stock,$19.37,-0.0475,-0.245%,2803179931.00,United States,,1464092,Finance,Major Banks
SHC,Sotera Health Company Common Stock,$16.80,-0.03,-0.178%,4772778007.00,United States,2020,1643492,Health Care,Misc Health and Biotechnology Services
SHOO,Steven Madden Ltd. Common Stock,$44.15,0.75,1.728%,3207847919.00,United States,1993,1081073,Consumer Discretionary,Shoe Manufacturing
SIGI,Selective Insurance Group Inc. Common Stock,$83.74,1.44,1.75%,5058659374.00,United States,,487519,Finance,Property-Casualty Insurers
SIRI,SiriusXM Holdings Inc. Common Stock,$21.54,-0.21,-0.966%,7249537639.00,United States,,3085611,Consumer Discretionary,Broadcasting
SITM,SiTime Corporation Common Stock,$363.25,1.20,0.331%,9481053848.00,United States,2019,326771,Technology,Semiconductors
SKYW,SkyWest Inc. Common Stock,$103.44,-2.40,-2.268%,4148347416.00,United States,1986,515293,Consumer Discretionary,Air Freight/Delivery Services
SLAB,Silicon Laboratories Inc. Common Stock,$134.54,-1.85,-1.356%,4420034817.00,United States,2000,391354,Technology,Semiconductors
SLDE,Slide Insurance Holdings Inc. Common Stock,$17.47,-0.50,-2.782%,2171342789.00,United States,2025,2703098,Finance,Property-Casualty Insurers
SLM,SLM Corporation Common Stock,$26.49,-0.40,-1.488%,5378493812.00,United States,,3728371,Finance,Finance: Consumer Services
SLMBP,SLM Corporation Floating Rate Non-Cumulative Preferred Stock Series B,$74.85,-0.89,-1.175%,15197442878.00,United States,,1421,Finance,Finance: Consumer Services
SLNO,Soleno Therapeutics Inc. Common Stock,$49.95,-2.05,-3.942%,2682815749.00,United States,2014,1501939,Health Care,Biotechnology: Electromedical & Electrotherapeutic Apparatus
SMCI,Super Micro Computer Inc. Common Stock,$31.37,-0.96,-2.969%,18726984442.00,United States,2020,18470601,Technology,Computer Manufacturing
SMMT,Summit Therapeutics Inc. Common Stock ,$17.38,-0.19,-1.081%,12938411310.00,United States,2015,2387600,Health Care,Biotechnology: Pharmaceutical Preparations
SMTC,Semtech Corporation Common Stock,$72.54,-0.35,-0.48%,6712855735.00,United States,,1463990,Technology,Semiconductors
SNDK,Sandisk Corporation Common Stock,$201.87,-4.31,-2.09%,29584690245.00,United States,,6264976,Technology,Electronic Components
SNEX,StoneX Group Inc. Common Stock,$96.24,-1.19,-1.221%,5027952070.00,United States,,357347,Finance,Investment Bankers/Brokers/Service
SNPS,Synopsys Inc. Common Stock,$454.67,1.72,0.38%,84454349153.00,United States,1992,2634231,Technology,Computer Software: Prepackaged Software
SOFI,SoFi Technologies Inc. Common Stock  ,$25.82,-1.46,-5.352%,32510352114.00,United States,,50189999,Finance,Finance: Consumer Services
SOLS,Solstice Advanced Materials Inc. Common Stock ,$48.77,-1.22,-2.44%,7741138029.00,United States,,2119459,Industrials,Aerospace
SONO,Sonos Inc. Common Stock,$18.33,-0.09,-0.489%,2204011133.00,United States,2018,1535980,Consumer Staples,Consumer Electronics/Appliances
SOUN,SoundHound AI Inc Class A Common Stock,$10.79,-0.86,-7.382%,4532834340.00,United States,,27790808,Technology,Computer Software: Prepackaged Software
SPSC,SPS Commerce Inc. Common Stock,$86.24,0.01,0.012%,3252032267.00,United States,2010,614163,Technology,Computer Software: Prepackaged Software
SRPT,Sarepta Therapeutics Inc. Common Stock (DE),$21.55,0.02,0.093%,2258163880.00,United States,,3230942,Health Care,Biotechnology: Pharmaceutical Preparations
SRRK,Scholar Rock Holding Corporation Common Stock,$45.24,-1.63,-3.478%,4614817355.00,United States,2018,1752894,Health Care,Biotechnology: Biological Products (No Diagnostic Substances)
SSNC,SS&C Technologies Holdings Inc. Common Stock,$86.50,-0.48,-0.552%,21108370360.00,United States,2010,1228440,Technology,Computer Software: Prepackaged Software
STEP,StepStone Group Inc. Class A Common Stock,$63.435,-0.965,-1.498%,7501693883.00,United States,2020,705961,Finance,Investment Managers
STLD,Steel Dynamics Inc.,$168.945,-3.025,-1.759%,24671859254.00,United States,1996,1837681,Industrials,Steel/Iron Ore
STRC,Strategy Inc Variable Rate Series A Perpetual Stretch Preferred Stock,$97.70,-0.4642,-0.473%,28074459910.00,United States,,821405,Technology,Computer Software: Prepackaged Software
STRD,Strategy Inc 10.00% Series A Perpetual Stride Preferred Stock,$76.75,-1.93,-2.453%,22054399161.00,United States,,278247,Technology,Computer Software: Prepackaged Software
STRF,Strategy Inc 10.00% Series A Perpetual Strife Preferred Stock,$106.45,-0.80,-0.746%,30588805091.00,United States,,248178,Technology,Computer Software: Prepackaged Software
STRK,Strategy Inc 8.00% Series A Perpetual Strike Preferred Stock,$82.25,-3.55,-4.138%,23634844704.00,United States,,208636,Technology,Computer Software: Prepackaged Software
STRL,Sterling Infrastructure Inc. Common Stock,$319.12,3.97,1.26%,9803166312.00,United States,,485253,Industrials,Military/Government/Technical
SUPN,Supernus Pharmaceuticals Inc. Common Stock,$47.28,0.12,0.254%,2711004468.00,United States,2012,687671,Health Care,Biotechnology: Pharmaceutical Preparations
SWKS,Skyworks Solutions Inc. Common Stock,$66.37,-0.60,-0.896%,9950869830.00,United States,,2429122,Technology,Semiconductors
SYBT,Stock Yards Bancorp Inc. Common Stock,$69.09,0.24,0.349%,2036321213.00,United States,,131775,Finance,Major Banks
SYM,Symbotic Inc. Class A Common Stock,$59.73,-1.70,-2.767%,35737387682.00,United States,2021,3578633,Industrials,Industrial Machinery/Components
SYNA,Synaptics Incorporated Common Stock $0.001 Par Value,$75.71,-1.72,-2.221%,2951938427.00,United States,2002,490456,Technology,Semiconductors
SYRE,Spyre Therapeutics Inc. Common Stock,$33.34,-0.28,-0.833%,2586921614.00,United States,2016,729374,Health Care,Biotechnology: Pharmaceutical Preparations
TARS,Tarsus Pharmaceuticals Inc. Common Stock,$80.48,-0.87,-1.069%,3416303970.00,United States,2020,634634,Health Care,Biotechnology: Biological Products (No Diagnostic Substances)
TBBK,The Bancorp Inc Common Stock,$68.63,-0.15,-0.218%,3014066741.00,United States,2004,566196,Finance,Major Banks
TCBI,Texas Capital Bancshares Inc. Common Stock,$96.10,0.68,0.713%,4386348519.00,United States,2003,388335,Finance,Major Banks
TECH,Bio-Techne Corp Common Stock,$58.69,0.18,0.308%,9144647422.00,United States,,1723764,Health Care,Biotechnology: Biological Products (No Diagnostic Substances)
TEM,Tempus AI Inc. Class A Common Stock,$68.67,-1.94,-2.747%,12216891476.00,United States,2024,3215862,Technology,Computer Software: Programming Data Processing
TENB,Tenable Holdings Inc. Common Stock,$24.75,-1.53,-5.822%,2953770584.00,United States,2018,2414190,Technology,Computer Software: Prepackaged Software
TER,Teradyne Inc. Common Stock,$194.70,1.33,0.688%,30491636594.00,United States,,3223282,Industrials,Electrical Products
TERN,Terns Pharmaceuticals Inc. Common Stock,$44.01,-0.99,-2.20%,4566542295.00,United States,2021,5416394,Health Care,Biotechnology: Pharmaceutical Preparations
TFSL,TFS Financial Corporation Common Stock,$13.95,0.21,1.528%,3913157117.00,United States,2007,663142,Finance,Savings Institutions
TGTX,TG Therapeutics Inc. Common Stock,$31.41,0.06,0.191%,4986634356.00,United States,,1434612,Health Care,Biotechnology: Pharmaceutical Preparations
TLN,Talen Energy Corporation Common Stock,$357.94,1.58,0.443%,16353501154.00,United States,,1138380,Utilities,Electric Utilities: Central
TMDX,TransMedics Group Inc. Common Stock,$123.15,-3.64,-2.871%,4208568124.00,United States,2019,814741,Health Care,Biotechnology: Electromedical & Electrotherapeutic Apparatus
TMUS,T-Mobile US Inc. Common Stock,$196.16,1.00,0.512%,219406259756.00,United States,,5157598,Telecommunications,Telecommunications Equipment
TOWN,TowneBank Common Stock,$35.52,0.04,0.113%,2650407562.00,United States,,402022,Finance,Major Banks
TPG,TPG Inc. Class A Common Stock,$66.74,-0.16,-0.239%,25232413691.00,United States,2022,1250366,Finance,Investment Managers
TPGXL,TPG Operating Group II L.P. 6.950% Fixed-Rate Junior Subordinated Notes due 2064,$24.75,-0.12,-0.483%,9029437931.00,United States,,16560,,
TRI,Thomson Reuters Corporation Common Shares,$131.80,1.10,0.842%,58630239787.00,United States,,1122357,Consumer Discretionary,Publishing
TRMB,Trimble Inc. Common Stock,$80.17,-0.09,-0.112%,19074123524.00,United States,1990,1243087,Industrials,Industrial Machinery/Components
TRMK,Trustmark Corporation Common Stock,$40.78,0.15,0.369%,2445097639.00,United States,,359478,Finance,Major Banks
TROW,T. Rowe Price Group Inc. Common Stock,$103.62,-0.01,-0.01%,22613717940.00,United States,1986,2520997,Finance,Investment Bankers/Brokers/Service
TSCO,Tractor Supply Company Common Stock,$52.93,0.96,1.847%,27968402283.00,United States,1994,5097265,Consumer Discretionary,RETAIL: Building Materials
TSLA,Tesla Inc. Common Stock,$475.31,16.35,3.562%,1580795108267.00,United States,2010,114542204,Industrials,Auto Manufacturing
TTAN,ServiceTitan Inc. Class A Common Stock,$103.11,-0.96,-0.922%,9655904432.00,United States,2024,953349,Technology,Computer Software: Prepackaged Software
TTD,The Trade Desk Inc. Class A Common Stock,$36.19,-0.46,-1.255%,17501298237.00,United States,2016,17389380,Technology,Computer Software: Programming Data Processing
TTEK,Tetra Tech Inc. Common Stock,$34.44,-0.12,-0.347%,8982924448.00,United States,1991,1611349,Consumer Discretionary,Military/Government/Technical
TTMI,TTM Technologies Inc. Common Stock,$72.05,-1.38,-1.879%,7444978736.00,United States,2000,2196714,Technology,Electrical Products
TTWO,Take-Two Interactive Software Inc. Common Stock,$244.56,3.09,1.28%,45189511154.00,United States,1997,1888704,Consumer Discretionary,Services-Misc. Amusement & Recreation
TVTX,Travere Therapeutics Inc. Common Stock,$34.76,-0.07,-0.201%,3110058087.00,United States,,1620967,Health Care,Biotechnology: Pharmaceutical Preparations
TW,Tradeweb Markets Inc. Class A Common Stock,$104.20,-2.97,-2.771%,24641047925.00,United States,2019,1909473,Finance,Investment Bankers/Brokers/Service
TXN,Texas Instruments Incorporated Common Stock,$177.97,-1.45,-0.808%,161707638869.00,United States,,9037502,Technology,Semiconductors
TXRH,Texas Roadhouse Inc. Common Stock,$169.71,1.47,0.874%,11225651067.00,United States,2004,732021,Consumer Discretionary,Restaurants
UAL,United Airlines Holdings Inc. Common Stock,$107.70,0.86,0.805%,34866581415.00,United States,,4200174,Consumer Discretionary,Air Freight/Delivery Services
UBSI,United Bankshares Inc. Common Stock,$39.66,0.48,1.225%,5568922039.00,United States,,798552,Finance,Major Banks
UFPI,UFP Industries Inc. Common Stock,$92.42,0.11,0.119%,5384132642.00,United States,1993,512868,Basic Materials,Forest Products
ULTA,Ulta Beauty Inc. Common Stock,$591.20,-10.39,-1.727%,26226916086.00,United States,2007,908095,Consumer Discretionary,Other Specialty Stores
UMBF,UMB Financial Corporation Common Stock,$119.11,0.94,0.795%,9046959553.00,United States,,661024,Finance,Major Banks
UMBFO,UMB Financial Corporation Depositary Shares Each Representing a 1/400th Interest in a Share of 7.750% Fixed-Rate Reset Non-Cumulative Perpetual Preferred Stock Series B,$26.82,-0.04,-0.149%,2037103981.00,United States,,8812,Finance,Major Banks
UPST,Upstart Holdings Inc. Common stock,$46.05,-3.30,-6.687%,4480042588.00,United States,2020,5632217,Finance,Finance: Consumer Services
UPWK,Upwork Inc. Common Stock,$21.38,-0.57,-2.597%,2793401399.00,United States,2018,1892273,Technology,EDP Services
URBN,Urban Outfitters Inc. Common Stock,$82.70,0.86,1.051%,7416448255.00,United States,1993,1797237,Consumer Discretionary,Clothing/Shoe/Accessory Stores
USLM,United States Lime & Minerals Inc. Common Stock,$125.10,-5.72,-4.372%,3582788815.00,United States,,127408,Industrials,Mining & Quarrying of Nonmetallic Minerals (No Fuels)
UTHR,United Therapeutics Corporation Common Stock,$500.30,6.31,1.277%,21541216480.00,United States,1999,535436,Health Care,Biotechnology: Pharmaceutical Preparations
VC,Visteon Corporation Common Stock,$102.65,-0.775,-0.749%,2800899893.00,United States,,326986,Consumer Discretionary,Auto Parts:O.E.M.
VCTR,Victory Capital Holdings Inc. Class A Common Stock,$64.29,0.73,1.149%,4174700659.00,United States,2018,316013,Finance,Investment Managers
VCYT,Veracyte Inc. Common Stock,$43.53,0.69,1.611%,3441010501.00,United States,2013,745441,Health Care,Medical Specialities
VERA,Vera Therapeutics Inc. Class A Common Stock,$49.21,-0.59,-1.185%,3446321617.00,United States,2021,2794428,Health Care,Biotechnology: Pharmaceutical Preparations
VERX,Vertex Inc. Class A Common Stock,$19.46,-0.45,-2.26%,3104414179.00,United States,2020,1389297,Technology,Computer Software: Prepackaged Software
VIAV,Viavi Solutions Inc. Common Stock,$17.88,-0.12,-0.667%,3990795563.00,United States,,2916334,Technology,Semiconductors
VICR,Vicor Corporation Common Stock,$95.59,-2.21,-2.26%,4268345093.00,United States,,446606,Technology,Industrial Machinery/Components
VKTX,Viking Therapeutics Inc. Common Stock,$36.15,-0.93,-2.508%,4086263836.00,United States,2015,1937661,Health Care,Biotechnology: Pharmaceutical Preparations
VLY,Valley National Bancorp Common Stock,$11.91,0.10,0.847%,6641439496.00,United States,,8287611,Finance,Major Banks
VLYPN,Valley National Bancorp 8.250% Fixed-Rate Reset Non-Cumulative Perpetual Preferred Stock Series C,$25.55,0.3456,1.371%,14247588507.00,United States,,33767,Finance,Major Banks
VLYPO,Valley National Bancorp 5.50% Fixed-to-Floating Rate Non-Cumulative Perpetual Preferred Stock Series B,$25.156,0.3215,1.295%,14027880097.00,United States,,2249,Finance,Major Banks
VLYPP,Valley National Bancorp 6.25% Fixed-to-Floating Rate Non-Cumulative Perpetual Preferred Stock Series A,$25.0016,0.1243,0.50%,13941781167.00,United States,,8520,Finance,Major Banks
VNOM,Viper Energy Inc. Class A Common Stock,$39.43,-0.91,-2.256%,14175441723.00,United States,2014,1911175,Energy,Oil & Gas Production
VRDN,Viridian Therapeutics Inc. Common Stock,$33.03,0.72,2.228%,3152449524.00,United States,2014,2485421,Health Care,Medical Specialities
VRNS,Varonis Systems Inc. Common Stock,$33.00,-0.79,-2.338%,3890611164.00,United States,2014,2904497,Technology,Computer Software: Prepackaged Software
VRRM,Verra Mobility Corporation Class A Common Stock,$21.60,-0.20,-0.917%,3446592055.00,United States,2017,1385907,Consumer Discretionary,Transportation Services
VRSK,Verisk Analytics Inc. Common Stock,$218.23,1.54,0.711%,30415275951.00,United States,2009,1402389,Industrials,Diversified Commercial Services
VRSN,VeriSign Inc. Common Stock,$241.88,-0.12,-0.05%,22422276000.00,United States,1998,914982,Technology,EDP Services
VRTX,Vertex Pharmaceuticals Incorporated Common Stock,$455.71,3.67,0.812%,115622208475.00,United States,1991,1337358,Health Care,Biotechnology: Pharmaceutical Preparations
VSAT,ViaSat Inc. Common Stock,$35.36,-0.47,-1.312%,4782933908.00,United States,1996,1854333,Technology,Radio And Television Broadcasting And Communications Equipment
VSEC,VSE Corporation Common Stock,$169.38,-0.69,-0.406%,3503855826.00,United States,,222968,Consumer Discretionary,Military/Government/Technical
VTRS,Viatris Inc. Common Stock,$11.66,0.01,0.086%,13429636708.00,United States,,7344274,Health Care,Biotechnology: Pharmaceutical Preparations
WAFD,WaFd Inc. Common Stock,$33.14,0.23,0.699%,2541871206.00,United States,,691364,Finance,Major Banks
WAY,Waystar Holding Corp. Common Stock,$32.56,-0.09,-0.276%,6229267942.00,United States,2024,2090315,Technology,EDP Services
WBD,Warner Bros. Discovery Inc. Series A Common Stock ,$29.71,-0.27,-0.901%,73620622662.00,United States,,53940461,Consumer Discretionary,Services-Misc. Amusement & Recreation
WDAY,Workday Inc. Class A Common Stock,$214.90,-9.59,-4.272%,56518700000.00,United States,,4167475,Technology,EDP Services
WDC,Western Digital Corporation Common Stock,$172.04,-4.30,-2.438%,58820352303.00,United States,,5781864,Technology,Electronic Components
WDFC,WD-40 Company Common Stock,$206.37,2.345,1.149%,2791739309.00,United States,1973,121040,Industrials,Major Chemicals
WFRD,Weatherford International plc Ordinary Shares,$78.99,-1.35,-1.68%,5665955307.00,United States,,991362,Consumer Discretionary,Oil and Gas Field Machinery
WGS,GeneDx Holdings Corp. Class A Common Stock,$150.61,-0.90,-0.594%,4353320300.00,United States,2020,342069,Technology,Retail: Computer Software & Peripheral Equipment
WING,Wingstop Inc. Common Stock,$239.70,3.81,1.615%,6660508904.00,United States,2015,915940,Consumer Discretionary,Restaurants
WMG,Warner Music Group Corp. Class A Common Stock,$27.85,0.06,0.216%,14548925193.00,United States,2020,3584599,Consumer Discretionary,Services-Misc. Amusement & Recreation
WMT,Walmart Inc. Common Stock,$116.79,0.09,0.077%,930835799726.00,United States,,18713743,Consumer Discretionary,Department/Specialty Retail Stores
WSBC,WesBanco Inc. Common Stock,$35.15,0.18,0.515%,3375993947.00,United States,,538629,Finance,Major Banks
WSBCO,WesBanco Inc. Depositary Shares each representing 1/40th interest in a share of 7.375% Fixed-Rate Reset Non-Cumulative Perpetual Preferred Stock Series B,$25.39,0.0826,0.326%,2438591360.00,United States,,82128,Finance,Major Banks
WSC,WillScot Holdings Corporation Class A Common Stock,$19.89,-0.51,-2.50%,3618899754.00,United States,2015,2953747,Industrials,Misc Corporate Leasing Services
WSFS,WSFS Financial Corporation Common Stock,$58.06,0.39,0.676%,3174485599.00,United States,,654561,Finance,Major Banks
WTFC,Wintrust Financial Corporation Common Stock,$141.31,0.42,0.298%,9463694337.00,United States,,561666,Finance,Major Banks
WULF,TeraWulf Inc. Common Stock,$12.49,-1.84,-12.84%,5229336694.00,United States,,36699495,Technology,EDP Services
WWD,Woodward Inc. Common Stock,$298.34,0.39,0.131%,17861310002.00,United States,,530076,Energy,Industrial Machinery/Components
WYNN,Wynn Resorts Limited Common stock,$126.25,2.59,2.094%,13126777974.00,United States,2002,1899141,Consumer Discretionary,Hotels/Resorts
XEL,Xcel Energy Inc. Common Stock,$75.72,0.57,0.758%,44791391612.00,United States,,6506264,Utilities,Power Generation
XMTR,Xometry Inc. Class A Common Stock,$58.13,0.13,0.224%,2979026243.00,United States,2021,727443,Real Estate,Real Estate
XRAY,DENTSPLY SIRONA Inc. Common Stock,$11.40,-0.17,-1.469%,2274892447.00,United States,1987,4309117,Health Care,Medical/Dental Instruments
Z,Zillow Group Inc. Class C Capital Stock,$68.38,-6.33,-8.473%,16551422079.00,United States,,11068166,Real Estate,Real Estate
ZBRA,Zebra Technologies Corporation Class A Common Stock,$265.29,-3.10,-1.155%,13439655600.00,United States,1991,586005,Industrials,Industrial Machinery/Components
ZG,Zillow Group Inc. Class A Common Stock,$66.665,-5.715,-7.896%,16136305249.00,United States,2011,2849291,Real Estate,Real Estate
ZION,Zions Bancorporation N.A. Common Stock,$59.145,0.155,0.263%,8732228956.00,United States,,1100815,Finance,Major Banks
ZIONP,Zions Bancorporation N.A. Depositary Shares (Each representing 1/40th Interest in a Share of Series A Floating-Rate Non-Cumulative Perpetual Preferred Stock),$20.45,0.19,0.938%,3019259145.00,United States,,4709,Finance,Major Banks
ZM,Zoom Communications Inc. Class A Common Stock,$86.54,-2.98,-3.329%,25624577857.00,United States,2019,2896784,Technology,Computer Software: Programming Data Processing
ZS,Zscaler Inc. Common Stock,$230.31,-5.97,-2.527%,36727813914.00,United States,2018,1819960,Technology,EDP Services